cover_category,texture_score,requested_payload_bytes,method,image_id,width,height,payload_original_bytes,embedded_bits,total_bpp,embedding_success,extraction_success,ber,mse,psnr,ssim,changed_pixels,changed_pixel_ratio,maximum_change,embedding_seconds,extraction_seconds,histogram_l1_mean,histogram_chi_square_mean,cover_lsb_chi_square_statistic,stego_lsb_chi_square_statistic,lsb_chi_square_statistic_change,absolute_lsb_chi_square_statistic_change,cover_rs_combined_imbalance,stego_rs_combined_imbalance,rs_combined_imbalance_change,absolute_rs_combined_imbalance_change,smooth_pixel_fraction,smooth_region_change_ratio,mean_modified_position_suitability,mean_image_suitability,suitability_gain,failure_reason
Textured,0.25116261848724836,500,GuardianPixel,0801.png,2040,1356,500,6584,0.0023801260917346288,True,True,0.0,0.000397772186554071,82.13445948214203,0.9999991957323114,3300,0.11929550581294465,1,9.492831300012767,8.024698099994566,0.00021328590433223587,2.033178457946765e-08,2222.41398440649,2221.6446227191414,-0.7693616873484643,0.7693616873484643,0.13066256000925444,0.13064809994794377,-1.4460061310672678e-05,1.4460061310672678e-05,0.25,0.09787878787878788,0.7354369163513184,0.3215678036212921,2.2870352941721634,
Textured,0.25116261848724836,500,Sequential Replacement,0801.png,2040,1356,500,6584,0.0023801260917346288,True,True,0.0,0.00039331366764995085,82.18341322462692,0.999999391402015,3264,0.11799410029498525,1,0.0038115999777801335,2.6499968953430653e-05,0.00011037846800470356,1.7132403795194842e-08,2222.41398440649,2220.013222759069,-2.40076164742095,2.40076164742095,0.13066256000925444,0.13063653189889524,-2.602811035920527e-05,2.602811035920527e-05,0.25,0.41544117647058826,0.3040573000907898,0.3215678036212921,0.9455464653696354,
Textured,0.25116261848724836,500,Sequential Matching,0801.png,2040,1356,500,6584,0.0023801260917346288,True,True,0.0,0.00039331366764995085,82.18341322462692,0.9999993918482003,3264,0.11799410029498525,1,0.035452399984933436,0.0007066000252962112,0.00010170243121830531,1.3698240563229236e-08,2222.41398440649,2221.6745208280236,-0.7394635784662569,0.7394635784662569,0.13066256000925444,0.1306047197640118,-5.78402452426352e-05,5.78402452426352e-05,0.25,0.41544117647058826,0.3040573000907898,0.3215678036212921,0.9455464653696354,
Textured,0.25116261848724836,500,Keyed Random Matching,0801.png,2040,1356,500,6584,0.0023801260917346288,True,True,0.0,0.00039150615998611834,82.20341761199533,0.999998323497732,3249,0.1174518479958355,1,1.251786999986507,1.2207617000094615,0.00013905758960417898,2.4703232585885765e-08,2222.41398440649,2220.6454573823526,-1.7685270241372564,1.7685270241372564,0.13066256000925444,0.13059025970270113,-7.230030655330788e-05,7.230030655330788e-05,0.25,0.24038165589412128,0.3226364850997925,0.3215678036212921,1.0033233472582315,
Textured,0.25116261848724836,500,Canny Synchronous,0801.png,2040,1356,500,6584,0.0023801260917346288,True,False,0.4781287970838396,0.000397049183488538,82.14236053614486,0.9999995268521568,3295,0.11911475504656138,1,0.09539740002946928,0.06070709996856749,9.423139954113336e-05,1.6652913398582334e-08,2222.41398440649,2224.956840131418,2.5428557249283585,2.5428557249283585,0.13066256000925444,0.13067991208282723,1.735207357278501e-05,1.735207357278501e-05,0.25,0.0,0.4705241918563843,0.3215678036212921,1.4632192233104186,BIT_ERRORS
Textured,0.25116261848724836,2000,GuardianPixel,0801.png,2040,1356,2000,18216,0.006585111920874544,True,True,0.0,0.001093421636107737,77.74292697614518,0.9999983012991122,9067,0.3277734397593846,1,9.4793120000395,8.17008310003439,0.00033426841729809146,4.835205231178165e-08,2222.41398440649,2227.23091853441,4.816934127920376,4.816934127920376,0.13066256000925444,0.13067557406443403,1.3014055179588757e-05,1.3014055179588757e-05,0.25,0.05646851218705195,0.8089322447776794,0.3215678036212921,2.515588425420701,
Textured,0.25116261848724836,2000,Sequential Replacement,0801.png,2040,1356,2000,18216,0.006585111920874544,True,True,0.0,0.0011007721672739892,77.71382920855959,0.999996186692886,9135,0.33023165018219675,1,0.00162980001186952,1.699995482340455e-05,0.00016026567952648102,3.6692931448051264e-08,2222.41398440649,2222.1988524689896,-0.21513193750024584,0.21513193750024584,0.13066256000925444,0.13057435363525943,-8.820637399500897e-05,8.820637399500897e-05,0.25,0.33804050355774495,0.2844718098640442,0.3215678036212921,0.8846402116769887,
Textured,0.25116261848724836,2000,Sequential Matching,0801.png,2040,1356,2000,18216,0.006585111920874544,True,True,0.0,0.0011007721672739892,77.71382920855959,0.9999961814075458,9135,0.33023165018219675,1,0.049985799996647984,0.0018684000242501497,0.0001860527888638266,4.666418149730559e-08,2222.41398440649,2225.8117709489493,3.397786542459471,3.397786542459471,0.13066256000925444,0.1305454335126381,-0.00011712649661635433,0.00011712649661635433,0.25,0.33804050355774495,0.2844718098640442,0.3215678036212921,0.8846402116769887,
Textured,0.25116261848724836,2000,Keyed Random Matching,0801.png,2040,1356,2000,18216,0.006585111920874544,True,True,0.0,0.001088963117203617,77.76067190263839,0.9999953138502562,9037,0.3266889351610851,1,1.2994190999888815,1.2389139999868348,0.00018219677251431662,4.119891949583079e-08,2222.41398440649,2221.4425073551993,-0.9714770512905488,0.9714770512905488,0.13066256000925444,0.13060833477933947,-5.422522991496703e-05,5.422522991496703e-05,0.25,0.2438862454354321,0.32209697365760803,0.3215678036212921,1.0016455939629427,
Textured,0.25116261848724836,2000,Canny Synchronous,0801.png,2040,1356,2000,18216,0.006585111920874544,True,False,0.4965415019762846,0.0010931806350858927,77.74388430995684,0.9999987132965464,9072,0.3279541905257678,1,0.125074100040365,0.06269500002963468,0.00015640966317697112,3.42486598452584e-08,2222.41398440649,2223.4106595816515,0.9966751751617267,0.9966751751617267,0.13066256000925444,0.1307016021747932,3.904216553876627e-05,3.904216553876627e-05,0.25,0.0004409171075837742,0.5084323287010193,0.3215678036212921,1.5811045850218142,BIT_ERRORS
Textured,0.25116261848724836,5000,GuardianPixel,0801.png,2040,1356,5000,40704,0.014714558389727572,True,True,0.0,0.002452426398287929,74.23484378576197,0.9999963359136131,20343,0.7354025681068888,1,9.625651600013953,8.169858199951705,0.0005181521969653165,1.1701003165274406e-07,2222.41398440649,2215.242465518133,-7.171518888356786,7.171518888356786,0.13066256000925444,0.13066256000925444,0.0,0.0,0.25,0.041980042274984024,0.8099895119667053,0.3215678036212921,2.518876276931703,
Textured,0.25116261848724836,5000,Sequential Replacement,0801.png,2040,1356,5000,40704,0.014714558389727572,True,True,0.0,0.002470139973393487,74.20358797102166,0.9999886609627545,20499,0.7410419920180462,1,0.0019129000138491392,2.6100024115294218e-05,0.0002585940964389708,8.471222191790199e-08,2222.41398440649,2211.3605368393883,-11.053447567101557,11.053447567101557,0.13066256000925444,0.13046734918156053,-0.00019521082769391462,0.00019521082769391462,0.25,0.3407483291867896,0.2669169306755066,0.3215678036212921,0.8300486792199276,
Textured,0.25116261848724836,5000,Sequential Matching,0801.png,2040,1356,5000,40704,0.014714558389727572,True,True,0.0,0.002470139973393487,74.20358797102166,0.9999886741994501,20499,0.7410419920180462,1,0.08064370002830401,0.004596100014168769,0.0002687161393564269,9.710955634599397e-08,2222.41398440649,2216.382557904513,-6.031426501976966,6.031426501976966,0.13066256000925444,0.13042396899762854,-0.0002385910116259049,0.0002385910116259049,0.25,0.3407483291867896,0.2669169306755066,0.3215678036212921,0.8300486792199276,
Textured,0.25116261848724836,5000,Keyed Random Matching,0801.png,2040,1356,5000,40704,0.014714558389727572,True,True,0.0,0.0024514623942005513,74.23655125376864,0.9999893791150192,20344,0.7354387182601654,1,1.381354500015732,1.3186545000062324,0.00029835926504328544,1.0659264886824192e-07,2222.41398440649,2222.4838363927606,0.06985198627080536,0.06985198627080536,0.13066256000925444,0.13047313320608478,-0.0001894268031696622,0.0001894268031696622,0.25,0.2503440817931577,0.32191038131713867,0.3215678036212921,1.001065335807841,
Textured,0.25116261848724836,5000,Canny Synchronous,0801.png,2040,1356,5000,40704,0.014714558389727572,True,False,0.49764150943396224,0.0024580899223012706,74.22482594585614,0.9999972171882101,20399,0.7374269766903812,1,0.14215500000864267,0.06479650002438575,0.00023015597586133934,7.152303813449125e-08,2222.41398440649,2218.130740871291,-4.283243535198835,4.283243535198835,0.13066256000925444,0.130718954248366,5.639423911155128e-05,5.639423911155128e-05,0.25,0.0004902201088288642,0.5170580148696899,0.3215678036212921,1.6079284339007556,BIT_ERRORS
Mixed,0.22069801099321698,500,GuardianPixel,0809.png,2040,1356,500,6504,0.002351205969113309,True,True,0.0,0.0004072917269169221,82.03174772266861,0.9999990510501965,3380,0.12218751807507665,1,9.517647700035013,7.98353029997088,0.00018990880521333134,2.3569152778186387e-08,1792.4767784912178,1789.9818586651004,-2.494919826117439,2.494919826117439,0.15082422349470762,0.1508083174272659,-1.5906067441728844e-05,1.5906067441728844e-05,0.25,0.08195266272189348,0.7442770004272461,0.2910262644290924,2.5574221003293216,
Mixed,0.22069801099321698,500,Sequential Replacement,0809.png,2040,1356,500,6504,0.002351205969113309,True,True,0.0,0.00039644668093392714,82.14895574594541,0.9999989190510634,3290,0.11893400428017815,1,0.0015805000439286232,1.2599979527294636e-05,0.00011809050070372329,1.8833704422640387e-08,1792.4767784912178,1791.0220724739545,-1.4547060172633337,1.4547060172633337,0.15082422349470762,0.15079674937821735,-2.7474116490261435e-05,2.7474116490261435e-05,0.25,0.6510638297872341,0.16386599838733673,0.2910262644290924,0.5630625768735802,
Mixed,0.22069801099321698,500,Sequential Matching,0809.png,2040,1356,500,6504,0.002351205969113309,True,True,0.0,0.00039644668093392714,82.14895574594541,0.999998918800025,3290,0.11893400428017815,1,0.03479800000786781,0.0007129000150598586,0.00010555844756781681,1.4424200603813885e-08,1792.4767784912178,1791.7269295685005,-0.7498489227173195,0.7498489227173195,0.15082422349470762,0.15076059922494073,-6.362426976688762e-05,6.362426976688762e-05,0.25,0.6510638297872341,0.16386599838733673,0.2910262644290924,0.5630625768735802,
Mixed,0.22069801099321698,500,Keyed Random Matching,0809.png,2040,1356,500,6504,0.002351205969113309,True,True,0.0,0.00039982069523974783,82.11215090856173,0.9999978220283151,3318,0.11994620857192434,1,1.2649497999809682,1.2228118000202812,0.00012001850887847772,2.0210841804498245e-08,1792.4767784912178,1795.7624420526415,3.2856635614236893,3.2856635614236893,0.15082422349470762,0.15080976343339697,-1.4460061310644923e-05,1.4460061310644923e-05,0.25,0.24110910186859555,0.2933346927165985,0.2910262644290924,1.0079320273447985,
Mixed,0.22069801099321698,500,Canny Synchronous,0809.png,2040,1356,500,6504,0.002351205969113309,True,False,0.45095325953259535,0.00039054215589874104,82.21412441512307,0.999999199222326,3241,0.11716264676962229,1,0.08602059999248013,0.05353010003454983,0.00010073842713093127,1.614576101549154e-08,1792.4767784912178,1794.24425790428,1.7674794130621194,1.7674794130621194,0.15082422349470762,0.15082422349470762,0.0,0.0,0.25,0.0009256402344955261,0.5111777186393738,0.2910262644290924,1.7564659314929996,BIT_ERRORS
Mixed,0.22069801099321698,2000,GuardianPixel,0809.png,2040,1356,2000,17904,0.006472323442651397,True,True,0.0,0.0010599224940713748,77.87806251855764,0.9999980923989013,8793,0.3178682977615825,1,9.988797200028785,8.120042700029444,0.0003260743825553845,6.66036427232801e-08,1792.4767784912178,1788.1219048039575,-4.354873687260351,4.354873687260351,0.15082422349470762,0.1508343455376251,1.0122042917476426e-05,1.0122042917476426e-05,0.25,0.05083589218696691,0.8235912919044495,0.2910262644290924,2.829955205314862,
Mixed,0.22069801099321698,2000,Sequential Replacement,0809.png,2040,1356,2000,17904,0.006472323442651397,True,True,0.0,0.0010769130661114003,77.80899714609811,0.9999937202133307,8937,0.3230739198334201,1,0.0016226000152528286,1.6200006939470768e-05,0.00016074768157016886,3.370057543257699e-08,1792.4767784912178,1792.0693035163663,-0.4074749748515387,0.4074749748515387,0.15082422349470762,0.15067817687546994,-0.00014604661923767193,0.00014604661923767193,0.25,0.5921450151057401,0.16987590491771698,0.2910262644290924,0.5837133127862646,
Mixed,0.22069801099321698,2000,Sequential Matching,0809.png,2040,1356,2000,17904,0.006472323442651397,True,True,0.0,0.0010769130661114003,77.80899714609811,0.9999937150018442,8937,0.3230739198334201,1,0.04949439998017624,0.001824399980250746,0.00016653170609443328,3.4540297971589184e-08,1792.4767784912178,1794.1830070848318,1.7062285936140142,1.7062285936140142,0.15082422349470762,0.15059430851986813,-0.00022991497483948464,0.00022991497483948464,0.25,0.5921450151057401,0.16987590491771698,0.2910262644290924,0.5837133127862646,
Mixed,0.22069801099321698,2000,Keyed Random Matching,0809.png,2040,1356,2000,17904,0.006472323442651397,True,True,0.0,0.0010848660998322632,77.77704222400001,0.9999940295185604,9003,0.325459829949679,1,1.8722439999692142,1.9060431999969296,0.00022413095031522927,6.08823305432136e-08,1792.4767784912178,1790.4913765637198,-1.98540192749806,1.98540192749806,0.15082422349470762,0.15074035513910577,-8.386835560184047e-05,8.386835560184047e-05,0.25,0.2529156947684105,0.2921532094478607,0.2910262644290924,1.0038723137960728,
Mixed,0.22069801099321698,2000,Canny Synchronous,0809.png,2040,1356,2000,17904,0.006472323442651397,True,False,0.48469615728328863,0.00108691460851794,77.76884935002573,0.9999977176358654,9020,0.326074382555382,1,0.10251930000958964,0.05429780000122264,0.00015689166522066147,3.7661915288485075e-08,1792.4767784912178,1794.1645791527349,1.6878006615170307,1.6878006615170307,0.15082422349470762,0.15085603562959105,3.181213488342993e-05,3.181213488342993e-05,0.25,0.00022172949002217295,0.5183115601539612,0.2910262644290924,1.7809786383738782,BIT_ERRORS
Mixed,0.22069801099321698,5000,GuardianPixel,0809.png,2040,1356,5000,40024,0.014468737347446354,True,True,0.0,0.002410010218443326,74.31061476880535,0.9999958193281073,19985,0.7224608132338481,1,14.206258100050036,8.852761099988129,0.0004880270692347737,1.792634683978639e-07,1792.4767784912178,1793.3070322996696,0.8302538084517437,0.8302538084517437,0.15082422349470762,0.15079385736595524,-3.0366128752373767e-05,3.0366128752373767e-05,0.25,0.037478108581436076,0.8293202519416809,0.2910262644290924,2.8496405764907933,
Mixed,0.22069801099321698,5000,Sequential Replacement,0809.png,2040,1356,5000,40024,0.014468737347446354,True,True,0.0,0.0024104922204870147,74.30974626668886,0.9999814595136924,20004,0.7231476661461045,1,0.0021693999879062176,3.090000245720148e-05,0.00028245319760155415,1.0511832194845035e-07,1792.4767784912178,1780.5902313806837,-11.886547110534138,11.886547110534138,0.15082422349470762,0.15039475967378102,-0.0004294638209265955,0.0004294638209265955,0.25,0.5904319136172765,0.16377225518226624,0.2910262644290924,0.5627404643479139,
Mixed,0.22069801099321698,5000,Sequential Matching,0809.png,2040,1356,5000,40024,0.014468737347446354,True,True,0.0,0.0024104922204870147,74.30974626668886,0.9999814839733953,20004,0.7231476661461045,1,0.08256539999274537,0.004473799956031144,0.00023521699732006663,7.167633431270175e-08,1792.4767784912178,1788.3022196122615,-4.174558878956304,4.174558878956304,0.15082422349470762,0.1503745155879461,-0.0004497079067615206,0.0004497079067615206,0.25,0.5904319136172765,0.16377225518226624,0.2910262644290924,0.5627404643479139,
Mixed,0.22069801099321698,5000,Keyed Random Matching,0809.png,2040,1356,5000,40024,0.014468737347446354,True,True,0.0,0.0024185657547188,74.29522461608462,0.9999867504461152,20071,0.72556972641564,1,1.4806455000070855,1.3534862999804318,0.0002720901536622503,9.487909656815889e-08,1792.4767784912178,1796.1848156601318,3.708037168913961,3.708037168913961,0.15082422349470762,0.15065214876511077,-0.00017207472959684944,0.00017207472959684944,0.25,0.25125803397937324,0.2922789752483368,0.2910262644290924,1.004304459673775,
Mixed,0.22069801099321698,5000,Canny Synchronous,0809.png,2040,1356,5000,40024,0.014468737347446354,True,False,0.4865330801519089,0.0024172402490986564,74.29760543860117,0.9999951060425332,20060,0.7251720747295969,1,0.160016399982851,0.05652959999861196,0.00026100410665741013,9.148841033039954e-08,1792.4767784912178,1789.1449001812216,-3.3318783099962275,3.3318783099962275,0.15082422349470762,0.15076349123720284,-6.073225750477529e-05,6.073225750477529e-05,0.25,0.0,0.49483171105384827,0.2910262644290924,1.7002991534958605,BIT_ERRORS
Mixed,0.17226698821167769,500,GuardianPixel,0813.png,2040,1464,500,6856,0.0022956177006321654,True,True,0.0,0.0003842771170398943,82.28435837031171,0.9999985376945326,3439,0.11514920175720561,1,14.148745699960273,10.040337099984754,0.00022612414729097777,2.553996071879912e-08,465419.0521029145,465099.38422409876,-319.66787881572964,319.66787881572964,0.3227231329690346,0.3226447819564984,-7.835101253617083e-05,7.835101253617083e-05,0.25,0.0953765629543472,0.6912482380867004,0.23567235469818115,2.9330900477146007,
Mixed,0.17226698821167769,500,Sequential Replacement,0813.png,2040,1464,500,6856,0.0022956177006321654,True,True,0.0,0.00038182167220257866,82.3121978555078,0.9999984531687076,3421,0.1145465016607736,1,0.0016542000230401754,1.1299969628453255e-05,0.00044041751491124707,4.552469570010741e-06,465419.0521029145,462467.64711748215,-2951.4049854323384,2951.4049854323384,0.3227231329690346,0.32192890817529196,-0.0007942247937426372,0.0007942247937426372,0.25,0.6919029523531132,0.10329093784093857,0.23567235469818115,0.43828194432571577,
Mixed,0.17226698821167769,500,Sequential Matching,0813.png,2040,1464,500,6856,0.0022956177006321654,True,True,0.0,0.00038182167220257866,82.3121978555078,0.9999982255262739,3421,0.1145465016607736,1,0.03648329997668043,0.0007402999908663332,0.0004350601807207412,2.6787527805558322e-06,465419.0521029145,462567.860511326,-2851.1915915884892,2851.1915915884892,0.3227231329690346,0.32183113682631526,-0.0008919961427193424,0.0008919961427193424,0.25,0.6919029523531132,0.10329093784093857,0.23567235469818115,0.43828194432571577,
Mixed,0.17226698821167769,500,Keyed Random Matching,0813.png,2040,1464,500,6856,0.0022956177006321654,True,True,0.0,0.000386620950748241,82.25794976390534,0.9999963940230329,3464,0.1159862852244723,1,1.362249800004065,1.3781996000325307,0.00020179292117575632,8.232186170701737e-08,465419.0521029145,464730.97682873684,-688.0752741776523,688.0752741776523,0.3227231329690346,0.3221719972141862,-0.0005511357548483864,0.0005511357548483864,0.25,0.25635103926096997,0.23430325090885162,0.23567235469818115,0.9941906474729167,
Mixed,0.17226698821167769,500,Canny Synchronous,0813.png,2040,1464,500,6856,0.0022956177006321654,True,False,0.4486581096849475,0.0003853932283295832,82.2717628138639,0.9999995778965355,3453,0.11561796849887496,1,0.09340589999919757,0.05419860000256449,0.00010870923961570078,3.299528408250274e-08,465419.0521029145,465396.26386300987,-22.78823990462115,22.78823990462115,0.3227231329690346,0.32272045430193935,-2.6786670952461122e-06,2.6786670952461122e-06,0.25,0.0,0.6157146692276001,0.23567235469818115,2.612587590157226,BIT_ERRORS
Mixed,0.17226698821167769,2000,GuardianPixel,0813.png,2040,1464,2000,18584,0.006222543662273652,True,True,0.0,0.00103932283295832,77.96329892430032,0.9999971666768892,9308,0.3116629165327333,1,12.027397500001825,14.582093500008341,0.0003529143897996337,6.257875116706619e-08,465419.0521029145,464976.91319981613,-442.1389030983555,442.1389030983555,0.3227231329690346,0.32260259294974825,-0.0001205400192863526,0.0001205400192863526,0.25,0.059733562526858616,0.772219181060791,0.23567235469818115,3.2766642572471008,
Mixed,0.17226698821167769,2000,Sequential Replacement,0813.png,2040,1464,2000,18584,0.006222543662273652,True,True,0.0,0.0010368673881210044,77.97357145742203,0.9999924231515588,9290,0.3110602164363013,1,0.005873999965842813,0.00017359998309984803,0.0010911103967998863,2.2680839415004184e-05,465419.0521029145,457883.4976700401,-7535.554432874371,7535.554432874371,0.3227231329690346,0.32067797064180864,-0.002045162327225958,0.002045162327225958,0.25,0.663832077502691,0.09678605198860168,0.23567235469818115,0.41068054890253386,
Mixed,0.17226698821167769,2000,Sequential Matching,0813.png,2040,1464,2000,18584,0.006222543662273652,True,True,0.0,0.0010368673881210044,77.97357145742203,0.9999899480639552,9290,0.3110602164363013,1,0.29571340000256896,0.008994299976620823,0.0010618682810100367,1.6236770019995305e-05,465419.0521029145,458137.95689991565,-7281.09520299884,7281.09520299884,0.3227231329690346,0.32037729026036643,-0.0023458427086681666,0.0023458427086681666,0.25,0.663832077502691,0.09678605198860168,0.23567235469818115,0.41068054890253386,
Mixed,0.17226698821167769,2000,Keyed Random Matching,0813.png,2040,1464,2000,18584,0.006222543662273652,True,True,0.0,0.00103430033215472,77.98433696714731,0.9999904562439905,9267,0.31029009964641596,1,3.8261391000123695,5.1154186000349,0.00045068573877638706,7.092335434859166e-07,465419.0521029145,463533.18658627995,-1885.8655166345416,1885.8655166345416,0.3227231329690346,0.3213724150862531,-0.0013507178827815158,0.0013507178827815158,0.25,0.24959533829718356,0.24006716907024384,0.23567235469818115,1.018647984307243,
Mixed,0.17226698821167769,2000,Canny Synchronous,0813.png,2040,1464,2000,18584,0.006222543662273652,True,False,0.4905832974601808,0.0010443453337619201,77.94236230259038,0.99999895733001,9357,0.313303600128576,1,0.16513229999691248,0.07974150002701208,0.00017589913925497266,6.232775543061718e-08,465419.0521029145,465408.92884543474,-10.123257479746826,10.123257479746826,0.3227231329690346,0.32270572163291544,-1.741133611915524e-05,1.741133611915524e-05,0.25,0.0,0.6504181623458862,0.23567235469818115,2.7598407253954678,BIT_ERRORS
Mixed,0.17226698821167769,5000,GuardianPixel,0813.png,2040,1464,5000,41424,0.013870138219222115,True,True,0.0,0.002316377370620379,74.48271047337839,0.9999946404930055,20734,0.6942435444123004,1,15.939628099964466,11.783173799980432,0.0005578324225865202,1.6555209488508394e-07,465419.0521029145,464643.4816458036,-775.5704571108799,775.5704571108799,0.3227231329690346,0.32248941926497376,-0.00023371370406083392,0.00023371370406083392,0.25,0.04485386321983216,0.7882545590400696,0.23567235469818115,3.3447052372755586,
Mixed,0.17226698821167769,5000,Sequential Replacement,0813.png,2040,1464,5000,41424,0.013870138219222115,True,True,0.0,0.0023090110361084324,74.49654352199526,0.9999789242397749,20688,0.6927033108325298,1,0.002253500046208501,3.260001540184021e-05,0.0022951712561162896,7.488811686528273e-05,465419.0521029145,448328.4376534603,-17090.61444945418,17090.61444945418,0.3227231329690346,0.3179664898746384,-0.004756643094396218,0.004756643094396218,0.25,0.6363109048723898,0.0974493995308876,0.23567235469818115,0.4134952513021235,
Mixed,0.17226698821167769,5000,Sequential Matching,0813.png,2040,1464,5000,41424,0.013870138219222115,True,True,0.0,0.0023090110361084324,74.49654352199526,0.9999721921730437,20688,0.6927033108325298,1,0.08443579997401685,0.004790699982549995,0.0022645898067788135,5.716982921089411e-05,465419.0521029145,448881.25003198686,-16537.80207092763,16537.80207092763,0.3227231329690346,0.3174113361191471,-0.0053117968498874735,0.0053117968498874735,0.25,0.6363109048723898,0.0974493995308876,0.23567235469818115,0.4134952513021235,
Mixed,0.17226698821167769,5000,Keyed Random Matching,0813.png,2040,1464,5000,41424,0.013870138219222115,True,True,0.0,0.0022995240901460766,74.51442397202382,0.9999786060786146,20603,0.689857227043823,1,1.5342655000276864,1.46681129996432,0.0009062823672274038,2.6337224899812665e-06,465419.0521029145,461486.27183146565,-3932.7802714488353,3932.7802714488353,0.3227231329690346,0.3196594074788385,-0.003063725490196123,0.003063725490196123,0.25,0.2475853031111974,0.23578056693077087,0.23567235469818115,1.0004591638791418,
Mixed,0.17226698821167769,5000,Canny Synchronous,0813.png,2040,1464,5000,41424,0.013870138219222115,True,False,0.4848638470451912,0.002301533090467517,74.51063137490998,0.9999978367149925,20621,0.690459927140255,1,0.3321495000272989,0.06159190001199022,0.0002538037072752584,1.487540044815161e-07,465419.0521029145,465362.376494177,-56.67560873751063,56.67560873751063,0.3227231329690346,0.32272514196935603,2.009000321434584e-06,2.009000321434584e-06,0.25,0.0,0.6038283109664917,0.23567235469818115,2.5621516437080514,BIT_ERRORS
Mixed,0.19882741394965567,500,GuardianPixel,0823.png,2040,1284,500,6752,0.0025777289108789934,True,True,0.0,0.0004242766680919512,81.8543121125432,0.9999985536897134,3334,0.12728300042758536,1,11.161713099980261,9.295698000001721,0.00022855455785637512,3.298136787926771e-08,99781.87170353727,99780.34934545858,-1.5223580786841922,1.5223580786841922,0.2737271699957241,0.2737256429051371,-1.527090586983526e-06,1.527090586983526e-06,0.25,0.09658068386322735,0.7161686420440674,0.26792919635772705,2.6729772334623476,
Mixed,0.19882741394965567,500,Sequential Replacement,0823.png,2040,1284,500,6752,0.0025777289108789934,True,True,0.0,0.00043203937857593715,81.77557028129785,0.9999977572131118,3395,0.12961181357278112,1,0.001799300021957606,1.869996776804328e-05,0.00018197829495245817,2.546292575785171e-07,99781.87170353727,99819.86098685107,37.989283313800115,37.989283313800115,0.2737271699957241,0.273375939160711,-0.0003512308350130944,0.0003512308350130944,0.25,1.0,0.014900775626301765,0.26792919635772705,0.05561460202495781,
Mixed,0.19882741394965567,500,Sequential Matching,0823.png,2040,1284,500,6752,0.0025777289108789934,True,True,0.0,0.00043203937857593715,81.77557028129785,0.9999977304147675,3395,0.12961181357278112,1,0.032898399978876114,0.000852299970574677,0.00013642009243988382,1.0415232634916426e-07,99781.87170353727,99791.93956100533,10.067857468064176,10.067857468064176,0.2737271699957241,0.2733240180807526,-0.00040315191497153346,0.00040315191497153346,0.25,1.0,0.014900775626301765,0.26792919635772705,0.05561460202495781,
Mixed,0.19882741394965567,500,Keyed Random Matching,0823.png,2040,1284,500,6752,0.0025777289108789934,True,True,0.0,0.0004292397124997455,81.80380465557106,0.999996401108357,3373,0.12877191374992364,1,1.626091699989047,1.2205032000201754,0.00014787327184248488,2.8728122903175502e-08,99781.87170353727,99756.04192624593,-25.82977729133563,25.82977729133563,0.2737271699957241,0.27348283550180197,-0.00024433449392213813,0.00024433449392213813,0.25,0.24873999407056033,0.2682643234729767,0.26792919635772705,1.0012508047641147,
Mixed,0.19882741394965567,500,Canny Synchronous,0823.png,2040,1284,500,6752,0.0025777289108789934,True,False,0.4874111374407583,0.0004308940606356769,81.7870985297339,0.9999994722911133,3386,0.12926821819070308,1,0.0975474999868311,0.05560890003107488,0.0001264940036242954,3.197426682678879e-08,99781.87170353727,99784.08016117236,2.2084576350898715,2.2084576350898715,0.2737271699957241,0.27372869708631115,1.5270905870390372e-06,1.5270905870390372e-06,0.25,0.0,0.5997000932693481,0.26792919635772705,2.238278251947785,BIT_ERRORS
Mixed,0.19882741394965567,2000,GuardianPixel,0823.png,2040,1284,2000,18232,0.006960478895608088,True,True,0.0,0.0011474813185918188,77.53334737071273,0.9999974216186924,9014,0.3441298637835196,1,10.530503900023177,8.21158290002495,0.00038915358459064043,1.1491443095028022e-07,99781.87170353727,99735.43536086286,-46.43634267440939,46.43634267440939,0.2737271699957241,0.27372487935984363,-2.290635880475289e-06,2.290635880475289e-06,0.25,0.05402706900377191,0.8040530681610107,0.26792919635772705,3.0009908553880598,
Mixed,0.19882741394965567,2000,Sequential Replacement,0823.png,2040,1284,2000,18232,0.006960478895608088,True,True,0.0,0.0011735691161199682,77.43571688862917,0.9999871408556812,9222,0.3520707348359905,1,0.0019005999783985317,2.8199981898069382e-05,0.0004489646325820052,1.4327423312097889e-06,99781.87170353727,99890.28221791753,108.41051438025897,108.41051438025897,0.2737271699957241,0.27279564473764584,-0.0009315252580782696,0.0009315252580782696,0.25,0.998373454782043,0.013168137520551682,0.26792919635772705,0.049147825991200204,
Mixed,0.19882741394965567,2000,Sequential Matching,0823.png,2040,1284,2000,18232,0.006960478895608088,True,True,0.0,0.0011735691161199682,77.43571688862917,0.9999868780235247,9222,0.3520707348359905,1,0.05172899999888614,0.0025390000082552433,0.0003675198012746134,6.786496891013486e-07,99781.87170353727,99857.28418213967,75.41247860240401,75.41247860240401,0.2737271699957241,0.2725497831531366,-0.0011773868425875023,0.0011773868425875023,0.25,0.998373454782043,0.013168137520551682,0.26792919635772705,0.049147825991200204,
Mixed,0.19882741394965567,2000,Keyed Random Matching,0823.png,2040,1284,2000,18232,0.006960478895608088,True,True,0.0,0.0011640247999511332,77.47118127661263,0.999990281869311,9147,0.34920743998533993,1,1.9992183999856934,1.3543891999870539,0.00021964652943212451,6.675075541736135e-08,99781.87170353727,99752.83945011228,-29.032253424986266,29.032253424986266,0.2737271699957241,0.27304685113920957,-0.000680318856514539,0.000680318856514539,0.25,0.25035530775117526,0.2682301104068756,0.26792919635772705,1.0011231103337719,
Mixed,0.19882741394965567,2000,Canny Synchronous,0823.png,2040,1284,2000,18232,0.006960478895608088,True,False,0.48771390960947786,0.001155880316820394,77.50167492557924,0.9999983630395337,9083,0.3467640950461181,1,0.3891689999727532,0.07187929999781772,0.00018732311200700836,6.472646251251249e-08,99781.87170353727,99791.40037914147,9.528675604204182,9.528675604204182,0.2737271699957241,0.27373633253924623,9.162543522123201e-06,9.162543522123201e-06,0.25,0.0,0.5249857306480408,0.26792919635772705,1.959419644386584,BIT_ERRORS
Mixed,0.19882741394965567,5000,GuardianPixel,0823.png,2040,1284,5000,40416,0.015429723291185634,True,True,0.0,0.002574547472156048,74.02379456662187,0.999995517767264,20213,0.7716770508826584,1,9.87452100001974,8.991454200004227,0.0005871663307067398,2.945763820747254e-07,99781.87170353727,99671.83464838173,-110.03705515553884,110.03705515553884,0.2737271699957241,0.2736660863722436,-6.108362348050678e-05,6.108362348050678e-05,0.25,0.0402216395389106,0.8303382396697998,0.26792919635772705,3.099095772157542,
Mixed,0.19882741394965567,5000,Sequential Replacement,0823.png,2040,1284,5000,40416,0.015429723291185634,True,True,0.0,0.0025723840938244457,74.02744545381542,0.9999642033980171,20214,0.7717152281473337,1,0.0018254999886266887,3.6999990697950125e-05,0.0009350884694480079,4.910407231667116e-06,99781.87170353727,99810.0301367511,28.158433213829994,28.158433213829994,0.2737271699957241,0.27157702644920895,-0.0021501435465151597,0.0021501435465151597,0.25,0.9967349361828436,0.013585485517978668,0.26792919635772705,0.05070550616603924,
Mixed,0.19882741394965567,5000,Sequential Matching,0823.png,2040,1284,5000,40416,0.015429723291185634,True,True,0.0,0.0025723840938244457,74.02744545381542,0.9999633536745464,20214,0.7717152281473337,1,0.07980910001788288,0.004656500008422881,0.0006632663449595813,2.1660217531013925e-06,99781.87170353727,99768.32283477052,-13.548868766753003,13.548868766753003,0.2737271699957241,0.2712212143424348,-0.0025059556532893157,0.0025059556532893157,0.25,0.9967349361828436,0.013585485517978668,0.26792919635772705,0.05070550616603924,
Mixed,0.19882741394965567,5000,Keyed Random Matching,0823.png,2040,1284,5000,40416,0.015429723291185634,True,True,0.0,0.002570857003237432,74.03002439974574,0.9999783937144834,20202,0.7712571009712296,1,1.4109570999862626,1.300279600021895,0.0003591208030460328,1.7194780367428518e-07,99781.87170353727,99709.14539382096,-72.7263097163086,72.7263097163086,0.2737271699957241,0.27235507910329243,-0.0013720908924316766,0.0013720908924316766,0.25,0.24740124740124741,0.26551929116249084,0.26792919635772705,0.9910054401386753,
Mixed,0.19882741394965567,5000,Canny Synchronous,0823.png,2040,1284,5000,40416,0.015429723291185634,True,False,0.4902513855898654,0.0025866369393032396,74.00344885503644,0.9999962322446124,20326,0.7759910817909719,1,0.18447370000649244,0.08439630002249032,0.00027894854722782496,1.186184993884967e-07,99781.87170353727,99807.33687897374,25.465175436474965,25.465175436474965,0.2737271699957241,0.2736783030969397,-4.8866898784416524e-05,4.8866898784416524e-05,0.25,0.0,0.5337975025177002,0.26792919635772705,1.9923080790530858,BIT_ERRORS
Mixed,0.21880104676497436,500,GuardianPixel,0826.png,2040,1536,500,6584,0.002101205065359477,True,True,0.0,0.00035179653458605666,82.66788803795262,0.9999989406645177,3307,0.10553896037581699,1,14.697777599969413,11.348273299983703,0.00022786458333333556,3.1586778502867174e-08,56298.68964846491,56193.159360928315,-105.530287536596,105.530287536596,0.21767131331699346,0.2176611008986928,-1.0212418300653558e-05,1.0212418300653558e-05,0.25,0.08678560628968854,0.7243555784225464,0.28429290652275085,2.547919986053465,
Mixed,0.21880104676497436,500,Sequential Replacement,0826.png,2040,1536,500,6584,0.002101205065359477,True,True,0.0,0.0003540305010893246,82.64039681090279,0.9999982550567972,3328,0.10620915032679738,1,0.0019312999793328345,1.9199971575289965e-05,0.00015020765250544688,2.3087801120225074e-07,56298.68964846491,56264.836298167545,-33.85335029736598,33.85335029736598,0.21767131331699346,0.2176611008986928,-1.0212418300653558e-05,1.0212418300653558e-05,0.25,0.8843149038461539,0.0341191291809082,0.28429290652275085,0.12001400104640944,
Mixed,0.21880104676497436,500,Sequential Matching,0826.png,2040,1536,500,6584,0.002101205065359477,True,True,0.0,0.0003540305010893246,82.64039681090279,0.9999982491886085,3328,0.10620915032679738,1,0.04363610001746565,0.0007622999837622046,0.0001329741966230938,1.0845822605441242e-07,56298.68964846491,56271.03093114151,-27.658717323400197,27.658717323400197,0.21767131331699346,0.2175704656862745,-0.0001008476307189643,0.0001008476307189643,0.25,0.8843149038461539,0.0341191291809082,0.28429290652275085,0.12001400104640944,
Mixed,0.21880104676497436,500,Keyed Random Matching,0826.png,2040,1536,500,6584,0.002101205065359477,True,True,0.0,0.0003589239515250545,82.5807792045586,0.9999971519068428,3374,0.10767718545751635,1,1.71338700002525,1.5011380999931134,0.00013425074891067578,2.3099572517147318e-08,56298.68964846491,56300.6124154131,1.9227669481915655,1.9227669481915655,0.21767131331699346,0.2175640829248366,-0.00010723039215687624,0.00010723039215687624,0.25,0.24925903971547125,0.2795964479446411,0.28429290652275085,0.9834802118858569,
Mixed,0.21880104676497436,500,Canny Synchronous,0826.png,2040,1536,500,6584,0.002101205065359477,True,False,0.4333232077764277,0.0003566899850217865,82.60789445280145,0.9999997188560276,3353,0.10700699550653596,1,0.11911239998880774,0.07992899999953806,0.0001387186819172122,3.210586301744456e-08,56298.68964846491,56301.06493719736,2.375288732451736,2.375288732451736,0.21767131331699346,0.21768918504901963,1.7871732026164544e-05,1.7871732026164544e-05,0.25,0.0,0.579867959022522,0.28429290652275085,2.0396849366205254,BIT_ERRORS
Mixed,0.21880104676497436,2000,GuardianPixel,0826.png,2040,1536,2000,17984,0.005739379084967321,True,True,0.0,0.0009498612813180827,78.35420175744306,0.9999981182477184,8926,0.2848626429738562,1,15.640240799984895,11.259184899972752,0.00034041394335511903,1.495184884623998e-07,56298.68964846491,56046.985467107865,-251.70418135704676,251.70418135704676,0.21767131331699346,0.21764961192810456,-2.170138888890616e-05,2.170138888890616e-05,0.25,0.0533273582791844,0.807907223701477,0.28429290652275085,2.841812810538146,
Mixed,0.21880104676497436,2000,Sequential Replacement,0826.png,2040,1536,2000,17984,0.005739379084967321,True,True,0.0,0.0009517761097494554,78.34545561365664,0.9999897820512835,8947,0.2855328329248366,1,0.0017867999849840999,1.7300015315413475e-05,0.0003708384395424835,1.1770723261235763e-06,56298.68964846491,56288.83347208945,-9.856176375462383,9.856176375462383,0.21767131331699346,0.2172781352124183,-0.0003931781045751759,0.0003931781045751759,0.25,0.8801833016653627,0.03324485942721367,0.28429290652275085,0.11693875810634484,
Mixed,0.21880104676497436,2000,Sequential Matching,0826.png,2040,1536,2000,17984,0.005739379084967321,True,True,0.0,0.0009517761097494554,78.34545561365664,0.9999897309923358,8947,0.2855328329248366,1,0.051760400005150586,0.0017945000436156988,0.0001640369689542484,2.1002640090834e-07,56298.68964846491,56299.42514627465,0.7354978097355342,0.7354978097355342,0.21767131331699346,0.2171377144607843,-0.0005335988562091554,0.0005335988562091554,0.25,0.8801833016653627,0.03324485942721367,0.28429290652275085,0.11693875810634484,
Mixed,0.21880104676497436,2000,Keyed Random Matching,0826.png,2040,1536,2000,17984,0.005739379084967321,True,True,0.0,0.0009516697303921568,78.34594104872326,0.9999927419609042,8946,0.285500919117647,1,1.4766470000031404,1.4184246000368148,0.00017765352668845227,4.729222129386327e-08,56298.68964846491,56288.19956189309,-10.490086571822758,10.490086571822758,0.21767131331699346,0.21738408905228757,-0.0002872242647058987,0.0002872242647058987,0.25,0.2383188016990834,0.2900081276893616,0.28429290652275085,1.0201032844488274,
Mixed,0.21880104676497436,2000,Canny Synchronous,0826.png,2040,1536,2000,17984,0.005739379084967321,True,False,0.4786476868327402,0.0009543292143246188,78.33382142033263,0.9999990151679228,8971,0.2862987642973856,1,0.12556830001994967,0.07301029999507591,0.00016786662581699273,4.535855025602676e-08,56298.68964846491,56305.26022023765,6.57057177273964,6.57057177273964,0.21767131331699346,0.21766301572712418,-8.297589869282751e-06,8.297589869282751e-06,0.25,0.0,0.5628425478935242,0.28429290652275085,1.9797980708621095,BIT_ERRORS
Mixed,0.21880104676497436,5000,GuardianPixel,0826.png,2040,1536,5000,39864,0.012722120098039216,True,True,0.0,0.0021152471405228757,74.87719244242003,0.9999966884653947,19872,0.6341911764705882,1,14.364122900005896,12.645758800033946,0.0005484919662309382,3.0768628186463115e-07,56298.68964846491,55906.88319417029,-391.8064542946231,391.8064542946231,0.21767131331699346,0.2176253574346405,-4.595588235295489e-05,4.595588235295489e-05,0.25,0.03819444444444445,0.8292083144187927,0.28429290652275085,2.9167393747562054,
Mixed,0.21880104676497436,5000,Sequential Replacement,0826.png,2040,1536,5000,39864,0.012722120098039216,True,True,0.0,0.0021137578295206973,74.8802513159915,0.9999709571387672,19870,0.6341273488562091,1,0.0018297000206075609,2.540001878514886e-05,0.0006952954793028321,4.4289542809245445e-06,56298.68964846491,56314.4825202863,15.792871821387962,15.792871821387962,0.21767131331699346,0.21669347426470587,-0.000977839052287599,0.000977839052287599,0.25,0.8875188726723704,0.03182944655418396,0.28429290652275085,0.11196004481257352,
Mixed,0.21880104676497436,5000,Sequential Matching,0826.png,2040,1536,5000,39864,0.012722120098039216,True,True,0.0,0.0021137578295206973,74.8802513159915,0.9999708972151051,19870,0.6341273488562091,1,0.08219290000852197,0.004456800001207739,0.0003033939270152527,7.261208342215877e-07,56298.68964846491,56327.62740430793,28.937755843020568,28.937755843020568,0.21767131331699346,0.216390931372549,-0.0012803819444444642,0.0012803819444444642,0.25,0.8875188726723704,0.03182944655418396,0.28429290652275085,0.11196004481257352,
Mixed,0.21880104676497436,5000,Keyed Random Matching,0826.png,2040,1536,5000,39864,0.012722120098039216,True,True,0.0,0.0021349273216230936,74.83697265748224,0.9999833879012415,20069,0.640478196486928,1,1.5318749999860302,1.5414773999946192,0.00025658700980392234,1.0884756815745606e-07,56298.68964846491,56266.09959829486,-32.590050170052564,32.590050170052564,0.21767131331699346,0.2169155943627451,-0.0007557189542483633,0.0007557189542483633,0.25,0.2485923563705217,0.2858216464519501,0.28429290652275085,1.00537734109478,
Mixed,0.21880104676497436,5000,Canny Synchronous,0826.png,2040,1536,5000,39864,0.012722120098039216,True,False,0.4837949026690749,0.002123119212962963,74.86105980419096,0.9999975988574309,19958,0.6369357638888888,1,0.15211969998199493,0.07388199999695644,0.00023488562091503344,1.3170162391200525e-07,56298.68964846491,56278.74388829897,-19.945760165937827,19.945760165937827,0.21767131331699346,0.21770578022875817,3.446691176470229e-05,3.446691176470229e-05,0.25,0.0,0.5463274121284485,0.28429290652275085,1.9217060981601666,BIT_ERRORS
Mixed,0.2207268289955636,500,GuardianPixel,0828.png,2040,1356,500,6768,0.0024466423737636647,True,True,0.0,0.00041644976574700676,81.93517738737661,0.9999984528880964,3456,0.12493492972410203,1,9.668450199998915,8.190516499977093,0.0002947442497156312,1.7066078429121684e-07,414205.2751816914,413283.08162260643,-922.1935590849607,922.1935590849607,0.2571692983978252,0.2571418242813349,-2.747411649028919e-05,2.747411649028919e-05,0.25,0.09172453703703703,0.7118067741394043,0.2868223786354065,2.4816988741461334,
Mixed,0.2207268289955636,500,Sequential Replacement,0828.png,2040,1356,500,6768,0.0024466423737636647,True,True,0.0,0.000410063238668132,82.00229523448706,0.999999036836201,3403,0.12301897160043958,1,0.0021522999741137028,1.4299992471933365e-05,0.00015207164478377305,4.452192451531057e-08,414205.2751816914,414058.7398598698,-146.53532182157505,146.53532182157505,0.2571692983978252,0.2570420498582914,-0.00012724853953383075,0.00012724853953383075,0.25,0.2721128416103438,0.31710824370384216,0.2868223786354065,1.105591011456374,
Mixed,0.2207268289955636,500,Sequential Matching,0828.png,2040,1356,500,6768,0.0024466423737636647,True,True,0.0,0.000410063238668132,82.00229523448706,0.9999990392394039,3403,0.12301897160043958,1,0.03574399999342859,0.0007193000055849552,0.00012797154259933967,4.011551125465785e-08,414205.2751816914,414055.6825099943,-149.5926716970862,149.5926716970862,0.2571692983978252,0.2570369888368327,-0.00013230956099252733,0.00013230956099252733,0.25,0.2721128416103438,0.31710824370384216,0.2868223786354065,1.105591011456374,
Mixed,0.2207268289955636,500,Keyed Random Matching,0828.png,2040,1356,500,6768,0.0024466423737636647,True,True,0.0,0.00039933869319605915,82.11738968461198,0.9999966097231017,3314,0.11980160795881775,1,1.2595128999673761,1.217425099981483,0.00016147068463570686,8.182766196702637e-08,414205.2751816914,413761.8612306578,-443.4139510336099,443.4139510336099,0.2571692983978252,0.2569256463647406,-0.00024365203308462924,0.00024365203308462924,0.25,0.24532287266143632,0.28929996490478516,0.2868223786354065,1.0086380507726282,
Mixed,0.2207268289955636,500,Canny Synchronous,0828.png,2040,1356,500,6768,0.0024466423737636647,True,False,0.47074468085106386,0.0004128347504193418,81.97304113915024,0.9999999062009048,3426,0.12385042512580254,1,0.09380420000525191,0.0614876999752596,0.00012580253340274488,8.707335747330867e-08,414205.2751816914,414197.73465183337,-7.540529858029913,7.540529858029913,0.2571692983978252,0.2571483313089248,-2.0967088900425424e-05,2.0967088900425424e-05,0.25,0.0,0.6315335035324097,0.2868223786354065,2.201827857843623,BIT_ERRORS
Mixed,0.2207268289955636,2000,GuardianPixel,0828.png,2040,1356,2000,18656,0.006744172595291804,True,True,0.0,0.0011108942101914511,77.67407657568475,0.9999971877210041,9213,0.3330513621377755,1,9.646731899993028,8.319412700016983,0.0005567123604604117,9.060223704971095e-07,414205.2751816914,412012.3172121966,-2192.9579694948043,2192.9579694948043,0.2571692983978252,0.2571685753947597,-7.230030655280828e-07,7.230030655280828e-07,0.25,0.058829914251601,0.7827526330947876,0.2868223786354065,2.729050072099784,
Mixed,0.2207268289955636,2000,Sequential Replacement,0828.png,2040,1356,2000,18656,0.006744172595291804,True,True,0.0,0.0011171602367594038,77.64964891468104,0.9999943979820115,9271,0.3351480710278212,1,0.0016477000317536294,1.829996472224593e-05,0.000354512503133005,2.802744786049084e-07,414205.2751816914,413672.30236540723,-532.9728162841639,532.9728162841639,0.2571692983978252,0.2569148013187576,-0.000254497079067606,0.000254497079067606,0.25,0.24139790745334916,0.32071682810783386,0.2868223786354065,1.1181722626863513,
Mixed,0.2207268289955636,2000,Sequential Matching,0828.png,2040,1356,2000,18656,0.006744172595291804,True,True,0.0,0.0011171602367594038,77.64964891468104,0.9999943872123865,9271,0.3351480710278212,1,0.04968369996640831,0.0019238999811932445,0.00023666300345113233,2.1276610392114255e-07,414205.2751816914,413662.18237404653,-543.0928076448618,543.0928076448618,0.2571692983978252,0.25683527098154896,-0.0003340274162762502,0.0003340274162762502,0.25,0.24139790745334916,0.32071682810783386,0.2868223786354065,1.1181722626863513,
Mixed,0.2207268289955636,2000,Keyed Random Matching,0828.png,2040,1356,2000,18656,0.006744172595291804,True,True,0.0,0.0011153527290955715,77.65668126600823,0.9999904963270811,9256,0.3346058187286714,1,1.329988699988462,1.375043599982746,0.00036270653787571984,4.098868496137395e-07,414205.2751816914,412962.5490509331,-1242.7261307582958,1242.7261307582958,0.2571692983978252,0.2564990745560761,-0.0006702238417490847,0.0006702238417490847,0.25,0.25475367329299914,0.29247942566871643,0.2868223786354065,1.0197231717421216,
Mixed,0.2207268289955636,2000,Canny Synchronous,0828.png,2040,1356,2000,18656,0.006744172595291804,True,False,0.4262435677530017,0.0011284872847860876,77.60583690833259,0.9999997113490319,9365,0.3385461854358262,1,0.11189989995909855,0.06336710002506152,0.00020412786550215152,1.776826672742869e-07,414205.2751816914,414207.35627400683,2.081092315434944,2.081092315434944,0.2571692983978252,0.2571627913702354,-6.507027589808256e-06,6.507027589808256e-06,0.25,0.0,0.6126846075057983,0.2868223786354065,2.1361115908065553,BIT_ERRORS
Mixed,0.2207268289955636,5000,GuardianPixel,0828.png,2040,1356,5000,41648,0.015055815836659147,True,True,0.0,0.002493276071490543,74.16309991835912,0.9999948725003254,20675,0.7474044189947365,1,9.76849680003943,8.471499499981292,0.0010100352825495875,4.5288632221698985e-06,414205.2751816914,409053.40127391234,-5151.873907779052,5151.873907779052,0.2571692983978252,0.2570796460176991,-8.965238012609289e-05,8.965238012609289e-05,0.25,0.04556227327690447,0.799335241317749,0.2868223786354065,2.7868649758804973,
Mixed,0.2207268289955636,5000,Sequential Replacement,0828.png,2040,1356,5000,41648,0.015055815836659147,True,True,0.0,0.0025190631808278867,74.11841300658082,0.9999839545866754,20905,0.755718954248366,1,0.0022475000005215406,3.15000070258975e-05,0.0006273256598607969,1.1048797108666099e-06,414205.2751816914,413353.836236232,-851.4389454593766,851.4389454593766,0.2571692983978252,0.2566024639944473,-0.0005668344033779027,0.0005668344033779027,0.25,0.221478115283425,0.3166114091873169,0.2868223786354065,1.1038588086942012,
Mixed,0.2207268289955636,5000,Sequential Matching,0828.png,2040,1356,5000,41648,0.015055815836659147,True,True,0.0,0.0025190631808278867,74.11841300658082,0.9999839516612052,20905,0.755718954248366,1,0.08127989998320118,0.004649200011044741,0.00048706306514740026,9.377993735321012e-07,414205.2751816914,413261.30163904314,-943.9735426482512,943.9735426482512,0.2571692983978252,0.25648244548556887,-0.0006868529122563416,0.0006868529122563416,0.25,0.221478115283425,0.3166114091873169,0.2868223786354065,1.1038588086942012,
Mixed,0.2207268289955636,5000,Keyed Random Matching,0828.png,2040,1356,5000,41648,0.015055815836659147,True,True,0.0,0.0025014701062332505,74.1488504364469,0.9999785888803577,20759,0.7504410318699751,1,1.3985826999996789,1.3900913000106812,0.0007449341585208362,1.974617149227438e-06,414205.2751816914,411404.2102064149,-2801.064975276473,2801.064975276473,0.2571692983978252,0.25564593093874716,-0.001523367459078051,0.001523367459078051,0.25,0.24919312105592756,0.2906043231487274,0.2868223786354065,1.0131856674898032,
Mixed,0.2207268289955636,5000,Canny Synchronous,0828.png,2040,1356,5000,41648,0.015055815836659147,True,False,0.4142095658855167,0.0025227986966664738,74.11197762912691,0.9999993500506238,20936,0.7568396089999422,1,0.14412489999085665,0.06454489997122437,0.00031185532226656504,4.5805666845438023e-07,414205.2751816914,414131.27238759067,-74.00279410072835,74.00279410072835,0.2571692983978252,0.25712230319856555,-4.699519925965845e-05,4.699519925965845e-05,0.25,0.0,0.5939895510673523,0.2868223786354065,2.0709316821558073,BIT_ERRORS
Textured,0.27509239493377485,500,GuardianPixel,0840.png,2040,1356,500,6776,0.0024495343860257966,True,True,0.0,0.00040548421925308965,82.05106403984522,0.9999990543685566,3364,0.12160911562265023,1,9.522985299990978,8.102760199981276,0.00020147685426186003,3.195653857683764e-08,11944.462783678622,11946.85481619053,2.3920325119070185,2.3920325119070185,0.15508488055989358,0.15508488055989356,-2.7755575615628914e-17,2.7755575615628914e-17,0.25,0.1073127229488704,0.745985746383667,0.3938080966472626,1.8942874784310315,
Textured,0.27509239493377485,500,Sequential Replacement,0840.png,2040,1356,500,6776,0.0024495343860257966,True,True,0.0,0.0004177752713671506,81.9213763088812,0.9999988413638925,3467,0.1253325814101452,1,0.0015673000016249716,1.1699972674250603e-05,0.00011447548537606243,2.8585411068189087e-08,11944.462783678622,11932.28229975099,-12.18048392763194,12.18048392763194,0.15508488055989358,0.15502270229625773,-6.217826363585921e-05,6.217826363585921e-05,0.25,0.6322468993366023,0.27145785093307495,0.3938080966472626,0.6893150578775992,
Textured,0.27509239493377485,500,Sequential Matching,0840.png,2040,1356,500,6776,0.0024495343860257966,True,True,0.0,0.0004177752713671506,81.9213763088812,0.9999988405278666,3467,0.1253325814101452,1,0.03399119997629896,0.0008379999781027436,0.0001108604700483961,2.1139430510995763e-08,11944.462783678622,11938.994020048387,-5.468763630235117,5.468763630235117,0.15508488055989358,0.1549995661981607,-8.531436173289664e-05,8.531436173289664e-05,0.25,0.6322468993366023,0.27145785093307495,0.3938080966472626,0.6893150578775992,
Textured,0.27509239493377485,500,Keyed Random Matching,0840.png,2040,1356,500,6776,0.0024495343860257966,True,True,0.0,0.00040536371874216746,82.05235485418642,0.9999979878621598,3364,0.12160911562265023,1,1.2733633000170812,1.22476579999784,0.00011712649661634431,2.1121459581645486e-08,11944.462783678622,11949.039848700508,4.5770650218855735,4.5770650218855735,0.15508488055989358,0.1550357163514373,-4.916420845627045e-05,4.916420845627045e-05,0.25,0.24494649227110582,0.3978177011013031,0.3938080966472626,1.010181620155037,
Textured,0.27509239493377485,500,Canny Synchronous,0840.png,2040,1356,500,6776,0.0024495343860257966,True,False,0.4960153482880756,0.00041078624173366494,81.99464471315625,0.9999994900020344,3409,0.12323587252009947,1,0.09406319999834523,0.06014140002662316,0.00011616249252896906,2.736961879418324e-08,11944.462783678622,11950.073276905958,5.61049322733561,5.61049322733561,0.15508488055989358,0.155071866504714,-1.3014055179588757e-05,1.3014055179588757e-05,0.25,0.0,0.653820276260376,0.3938080966472626,1.6602509745908263,BIT_ERRORS
Textured,0.27509239493377485,2000,GuardianPixel,0840.png,2040,1356,2000,18600,0.00672392850945688,True,True,0.0,0.0011119787147897506,77.66983886695459,0.9999981331847669,9223,0.33341286367054196,1,9.583839900034945,8.276581200014334,0.00033764243160390965,8.266004668265766e-08,11944.462783678622,11935.442001604566,-9.020782074056115,9.020782074056115,0.15508488055989358,0.15506319046792758,-2.1690091966009017e-05,2.1690091966009017e-05,0.25,0.057898731432288845,0.8128013014793396,0.3938080966472626,2.0639527434789464,
Textured,0.27509239493377485,2000,Sequential Replacement,0840.png,2040,1356,2000,18600,0.00672392850945688,True,True,0.0,0.0011075201958856305,77.6872870644078,0.9999934942570147,9191,0.33225605876568914,1,0.0016284000012092292,1.7099955584853888e-05,0.00018340177762353775,5.5998005353722164e-08,11944.462783678622,11942.594879288376,-1.867904390246622,1.867904390246622,0.15508488055989358,0.15484628954826768,-0.0002385910116259049,0.0002385910116259049,0.25,0.6080948754216081,0.2549312114715576,0.3938080966472626,0.6473488321899633,
Textured,0.27509239493377485,2000,Sequential Matching,0840.png,2040,1356,2000,18600,0.00672392850945688,True,True,0.0,0.0011075201958856305,77.6872870644078,0.999993471160468,9191,0.33225605876568914,1,0.051031699986197054,0.0019215000211261213,0.00015158964274008722,3.261982380783067e-08,11944.462783678622,11945.944562608249,1.481778929626671,1.481778929626671,0.15508488055989358,0.1548289374746949,-0.0002559430851986899,0.0002559430851986899,0.25,0.6080948754216081,0.2549312114715576,0.3938080966472626,0.6473488321899633,
Textured,0.27509239493377485,2000,Keyed Random Matching,0840.png,2040,1356,2000,18600,0.00672392850945688,True,True,0.0,0.0011253542715021112,77.61791097142338,0.9999943791195779,9339,0.33760628145063337,1,1.3027246000128798,1.2555580000043847,0.0001831607766016926,5.3500537180974166e-08,11944.462783678622,11948.914420301979,4.451636623356535,4.451636623356535,0.15508488055989358,0.1548925617444618,-0.00019231881543177454,0.00019231881543177454,0.25,0.2478852125495235,0.395047128200531,0.3938080966472626,1.0031462825772681,
Textured,0.27509239493377485,2000,Canny Synchronous,0840.png,2040,1356,2000,18600,0.00672392850945688,True,False,0.49376344086021506,0.0011241492663928896,77.62256379468718,0.9999985492965298,9329,0.33724477991786683,1,0.11827639996772632,0.061272700026165694,0.00017207472959685456,5.54497247516439e-08,11944.462783678622,11952.722224544683,8.259440866060686,8.259440866060686,0.15508488055989358,0.15507765052923825,-7.230030655336339e-06,7.230030655336339e-06,0.25,0.0002143852502947797,0.6153455376625061,0.3938080966472626,1.5625517679837766,BIT_ERRORS
Textured,0.27509239493377485,5000,GuardianPixel,0840.png,2040,1356,5000,41448,0.014983515530105847,True,True,0.0,0.00250978464148688,74.13443903540862,0.9999962487181616,20810,0.7522846896870843,1,9.932331999996677,8.855054299987387,0.0004547689282202477,3.6843348465272434e-07,11944.462783678622,11948.84725548702,4.3844718083983025,4.3844718083983025,0.15508488055989358,0.15503137833304415,-5.350222684943895e-05,5.350222684943895e-05,0.25,0.04329649207111965,0.824366569519043,0.3938080966472626,2.0933205196576634,
Textured,0.27509239493377485,5000,Sequential Replacement,0840.png,2040,1356,5000,41448,0.014983515530105847,True,True,0.0,0.002500385601634951,74.15073371496405,0.9999817317181295,20750,0.7501156804904853,1,0.0019651000038720667,2.6499968953430653e-05,0.00035330749802379324,2.3133330582941158e-07,11944.462783678622,11935.285198918122,-9.177584760500395,9.177584760500395,0.15508488055989358,0.15456142634044767,-0.0005234542194459124,0.0005234542194459124,0.25,0.5816385542168675,0.2554822266101837,0.3938080966472626,0.6487480292692444,
Textured,0.27509239493377485,5000,Sequential Matching,0840.png,2040,1356,5000,41448,0.014983515530105847,True,True,0.0,0.002500385601634951,74.15073371496405,0.999981676584644,20750,0.7501156804904853,1,0.08141160005470738,0.004797400033567101,0.00027642817205545154,1.2642389714602323e-07,11944.462783678622,11941.932085958957,-2.5306977196651133,2.5306977196651133,0.15508488055989358,0.15447755798484586,-0.0006073225750477251,0.0006073225750477251,0.25,0.5816385542168675,0.2554822266101837,0.3938080966472626,0.6487480292692444,
Textured,0.27509239493377485,5000,Keyed Random Matching,0840.png,2040,1356,5000,41448,0.014983515530105847,True,True,0.0,0.0024979755914165077,74.15492170450655,0.9999873778646794,20730,0.7493926774249523,1,1.4039103999966756,1.4505179999978282,0.00024413403512831,1.0953284114273185e-07,11944.462783678622,11940.135778992535,-4.327004686087093,4.327004686087093,0.15508488055989358,0.154787003296894,-0.00029787726299959627,0.00029787726299959627,0.25,0.2548962855764592,0.39401301741600037,0.3938080966472626,1.000520356921258,
Textured,0.27509239493377485,5000,Canny Synchronous,0840.png,2040,1356,5000,41448,0.014983515530105847,True,False,0.49495753715498936,0.0025079771338230475,74.13756788318379,0.9999964803119766,20813,0.7523931401469142,1,0.1778372999979183,0.06990920001408085,0.00026751113424721096,1.4020017310755774e-07,11944.462783678622,11959.533506067432,15.070722388809372,15.070722388809372,0.15508488055989358,0.15510657065185957,2.1690091965981262e-05,2.1690091965981262e-05,0.25,9.609378753663576e-05,0.5970622897148132,0.3938080966472626,1.51612497253861,BIT_ERRORS
Textured,0.35900507590239983,500,GuardianPixel,0849.png,2040,1356,500,6928,0.0025044826190063047,True,True,0.0,0.0004184982744326836,81.91386689233754,0.9999993154170533,3472,0.1255133321765284,1,10.478902900009416,9.40628990001278,0.00024630304432490607,6.155234267763669e-08,66321.17170141113,65973.53207531384,-347.6396260972979,347.6396260972979,0.16440077505928624,0.16439282202556538,-7.953033720864422e-06,7.953033720864422e-06,0.25,0.097926267281106,0.7733750343322754,0.46850937604904175,1.6507141027873933,
Textured,0.35900507590239983,500,Sequential Replacement,0849.png,2040,1356,500,6928,0.0025044826190063047,True,True,0.0,0.0004145217575722521,81.95533029972985,0.9999996392101705,3440,0.12435652727167563,1,0.001801299978978932,1.3999990187585354e-05,0.00012001850887847627,2.0350631591555756e-08,66321.17170141113,66269.8465505647,-51.325150846430915,51.325150846430915,0.16440077505928624,0.16437836196425473,-2.2413095031509345e-05,2.2413095031509345e-05,0.25,0.21686046511627907,0.49553564190864563,0.46850937604904175,1.0576856456695007,
Textured,0.35900507590239983,500,Sequential Matching,0849.png,2040,1356,500,6928,0.0025044826190063047,True,True,0.0,0.0004145217575722521,81.95533029972985,0.9999996405695736,3440,0.12435652727167563,1,0.03617229999508709,0.0007400999893434346,0.00011327048026683663,1.8755306966875013e-08,66321.17170141113,66266.23173253435,-54.93996887678804,54.93996887678804,0.16440077505928624,0.16437185493666495,-2.8920122621289845e-05,2.8920122621289845e-05,0.25,0.21686046511627907,0.49553564190864563,0.46850937604904175,1.0576856456695007,
Textured,0.35900507590239983,500,Keyed Random Matching,0849.png,2040,1356,500,6928,0.0025044826190063047,True,True,0.0,0.00041982378005282745,81.9001332620889,0.9999985128767502,3484,0.12594713401584823,1,1.3788098000222817,1.281410799943842,0.0001421906028881529,3.485267585303262e-08,66321.17170141113,66171.19656387839,-149.97513753274688,149.97513753274688,0.16440077505928624,0.16431039967609462,-9.037538319162097e-05,9.037538319162097e-05,0.25,0.24052812858783007,0.47513100504875183,0.46850937604904175,1.0141333969782005,
Textured,0.35900507590239983,500,Canny Synchronous,0849.png,2040,1356,500,6928,0.0025044826190063047,True,False,0.47575057736720555,0.0004160882642142403,81.93894894195061,0.9999996824489039,3453,0.12482647926427208,1,0.10819400002947077,0.07382649998180568,0.00012652553646827873,2.804635511821977e-08,66321.17170141113,66301.76122483416,-19.41047657697345,19.41047657697345,0.16440077505928624,0.16439860605008966,-2.1690091965842484e-06,2.1690091965842484e-06,0.25,0.024905878945844194,0.5961452126502991,0.46850937604904175,1.2724296313504233,BIT_ERRORS
Textured,0.35900507590239983,2000,GuardianPixel,0849.png,2040,1356,2000,18888,0.006828040950893632,True,True,0.0,0.0011307767944936087,77.59703473437044,0.9999987241883219,9381,0.3391245878882526,1,11.76554470002884,9.700568400032353,0.0004617579578537468,3.223112832650314e-07,66321.17170141113,65384.8211054309,-936.3505959802351,936.3505959802351,0.16440077505928624,0.16441885013592455,1.8075076638313092e-05,1.8075076638313092e-05,0.25,0.0638524677539708,0.8279464244842529,0.46850937604904175,1.7671928606132883,
Textured,0.35900507590239983,2000,Sequential Replacement,0849.png,2040,1356,2000,18888,0.006828040950893632,True,True,0.0,0.001125233770991189,77.61837602949728,0.9999978792427354,9338,0.3375701312973567,1,0.001658199995290488,4.770001396536827e-05,0.00021786492374727693,7.048139744823637e-08,66321.17170141113,66160.18381893302,-160.987882478119,160.987882478119,0.16440077505928624,0.16431979871594654,-8.097634333970039e-05,8.097634333970039e-05,0.25,0.19704433497536947,0.481984406709671,0.46850937604904175,1.028761496246382,
Textured,0.35900507590239983,2000,Sequential Matching,0849.png,2040,1356,2000,18888,0.006828040950893632,True,True,0.0,0.001125233770991189,77.61837602949728,0.9999978747011357,9338,0.3375701312973567,1,0.05890980002004653,0.003201700048521161,0.00021617791659436675,7.657853237942097e-08,66321.17170141113,66148.75887351259,-172.4128278985445,172.4128278985445,0.16440077505928624,0.16434076580484702,-6.000925443921945e-05,6.000925443921945e-05,0.25,0.19704433497536947,0.481984406709671,0.46850937604904175,1.028761496246382,
Textured,0.35900507590239983,2000,Keyed Random Matching,0849.png,2040,1356,2000,18888,0.006828040950893632,True,True,0.0,0.0011371633215724835,77.57257517495975,0.99999577987638,9437,0.341148996471745,1,1.5625648999703117,1.3760684999870136,0.0002561840862205224,1.209788885282995e-07,66321.17170141113,65993.85678329837,-327.31491811276646,327.31491811276646,0.16440077505928624,0.1640117994100295,-0.0003889756492567453,0.0003889756492567453,0.25,0.2554837342375755,0.46312665939331055,0.46850937604904175,0.9885109734598614,
Textured,0.35900507590239983,2000,Canny Synchronous,0849.png,2040,1356,2000,18888,0.006828040950893632,True,False,0.4938585345192715,0.001131740798580986,77.59333388640977,0.9999990977827146,9392,0.3395222395742958,1,0.19982789998175576,0.10682200000155717,0.00020485086856768494,8.563128958777441e-08,66321.17170141113,66219.8533428101,-101.31835860104184,101.31835860104184,0.16440077505928624,0.16439860605008966,-2.1690091965842484e-06,2.1690091965842484e-06,0.25,0.022572402044293016,0.6068230867385864,0.46850937604904175,1.2952207954853534,BIT_ERRORS
Textured,0.35900507590239983,5000,GuardianPixel,0849.png,2040,1356,5000,42136,0.0152322285846492,True,True,0.0,0.0025723244066554844,74.02754622457093,0.9999976273748422,21331,0.7711189195442189,1,11.590479200007394,10.198969000019133,0.0008148244548556913,1.5126102906892775e-06,66321.17170141113,64033.779217213174,-2287.3924841979606,2287.3924841979606,0.16440077505928624,0.16439137601943432,-9.399039851920588e-06,9.399039851920588e-06,0.25,0.04622380572875158,0.8425132632255554,0.46850937604904175,1.7982847436917984,
Textured,0.35900507590239983,5000,Sequential Replacement,0849.png,2040,1356,5000,42136,0.0152322285846492,True,True,0.0,0.0025341257446931573,74.09252199858196,0.9999936441129544,21030,0.7602377234079473,1,0.0024027000181376934,4.610000178217888e-05,0.0003937956696936364,2.542927828709288e-07,66321.17170141113,65874.52265405079,-446.64904736034805,446.64904736034805,0.16440077505928624,0.1641824281334953,-0.00021834692579095205,0.00021834692579095205,0.25,0.1960532572515454,0.4786567986011505,0.46850937604904175,1.021658952991896,
Textured,0.35900507590239983,5000,Sequential Matching,0849.png,2040,1356,5000,42136,0.0152322285846492,True,True,0.0,0.0025341257446931573,74.09252199858196,0.9999936293323913,21030,0.7602377234079473,1,0.10920000000623986,0.007500099949538708,0.0003595735245917455,2.764520828669523e-07,66321.17170141113,65825.62415642534,-495.5475449857913,495.5475449857913,0.16440077505928624,0.16411952686679393,-0.0002812481924923116,0.0002812481924923116,0.25,0.1960532572515454,0.4786567986011505,0.46850937604904175,1.021658952991896,
Textured,0.35900507590239983,5000,Keyed Random Matching,0849.png,2040,1356,5000,42136,0.0152322285846492,True,True,0.0,0.0025336437426494688,74.09334812466757,0.9999909175963572,21026,0.7600931227948406,1,1.457523199962452,1.372019900009036,0.00040415871363294457,5.047814755610866e-07,66321.17170141113,65502.46119116766,-818.7105102434725,818.7105102434725,0.16440077505928624,0.16350425125802534,-0.0008965238012609011,0.0008965238012609011,0.25,0.2492152573004851,0.46873903274536133,0.46850937604904175,1.0004901859131534,
Textured,0.35900507590239983,5000,Canny Synchronous,0849.png,2040,1356,5000,42136,0.0152322285846492,True,False,0.4889643060565787,0.002520509186958953,74.11592076138649,0.999998036865073,20917,0.7561527560876858,1,0.171615400002338,0.07422190002398565,0.00033957043977866534,2.5220517280446495e-07,66321.17170141113,66016.77377074762,-304.3979306635156,304.3979306635156,0.16440077505928624,0.16443475620336628,3.3981144080041936e-05,3.3981144080041936e-05,0.25,0.022756609456423004,0.618462085723877,0.46850937604904175,1.3200634124750978,BIT_ERRORS
Textured,0.24325561911183932,500,GuardianPixel,0854.png,2040,1068,500,6680,0.0030660204156568996,True,True,0.0,0.0005009057305818707,81.13324360630087,0.9999988237973514,3272,0.15017992215612838,1,9.144410900014918,7.183917000016663,0.0002337764069423024,5.13629627893646e-08,3892.3480159064884,3877.495126037772,-14.852889868716375,14.852889868716375,0.18508757435558493,0.18507931262392596,-8.261731658965044e-06,8.261731658965044e-06,0.25,0.08190709046454768,0.7409077286720276,0.32674673199653625,2.2675291169549685,
Textured,0.24325561911183932,500,Sequential Replacement,0854.png,2040,1068,500,6680,0.0030660204156568996,True,True,0.0,0.0005142162982546326,81.01934523236531,0.999997332166784,3361,0.1542648894763898,1,0.0013654999784193933,1.2699980288743973e-05,0.00013983745807936496,6.34631080711707e-08,3892.3480159064884,3888.286481068898,-4.061534837590443,4.061534837590443,0.18508757435558493,0.18481585518102372,-0.0002717191745612024,0.0002717191745612024,0.25,1.0,0.021544145420193672,0.32674673199653625,0.06593530496403574,
Textured,0.24325561911183932,500,Sequential Matching,0854.png,2040,1068,500,6680,0.0030660204156568996,True,True,0.0,0.0005142162982546326,81.01934523236531,0.9999973289409589,3361,0.1542648894763898,1,0.0324978000135161,0.0011453000479377806,0.00011260434261095344,5.066508466456569e-08,3892.3480159064884,3889.5256080814784,-2.822407825010032,2.822407825010032,0.18508757435558493,0.18472956598369683,-0.00035800837188809664,0.00035800837188809664,0.25,1.0,0.021544145420193672,0.32674673199653625,0.06593530496403574,
Textured,0.24325561911183932,500,Keyed Random Matching,0854.png,2040,1068,500,6680,0.0030660204156568996,True,True,0.0,0.0005206420895449316,80.965410866102,0.9999967321157962,3403,0.15619262686347946,1,1.2137444000109099,1.156316299980972,0.0001664585934248832,3.9683954350255494e-08,3892.3480159064884,3882.4646733912205,-9.883342515267941,9.883342515267941,0.18508757435558493,0.18492509363295878,-0.000162480722626146,0.000162480722626146,0.25,0.24537173082574198,0.3259012699127197,0.32674673199653625,0.9974124849584556,
Textured,0.24325561911183932,500,Canny Synchronous,0854.png,2040,1068,500,6680,0.0030660204156568996,True,False,0.45119760479041915,0.0005018237007661991,81.1252919199433,0.9999994998968743,3280,0.15054711022985973,1,0.08255190000636503,0.05824739998206496,0.00012851582580597674,3.349340603332097e-08,3892.3480159064884,3889.159197923996,-3.18881798249231,3.18881798249231,0.18508757435558493,0.18508573841521628,-1.8359403686496467e-06,1.8359403686496467e-06,0.25,0.0,0.482941597700119,0.32674673199653625,1.4780303838057622,BIT_ERRORS
Textured,0.24325561911183932,2000,GuardianPixel,0854.png,2040,1068,2000,18320,0.008408606888448264,True,True,0.0,0.001412144133558542,76.63201334680097,0.9999975450782296,9228,0.4235514430491297,1,9.479536800005008,7.611414299986791,0.0004498053903209186,1.3403710229087315e-07,3892.3480159064884,3863.034897193542,-29.31311871294656,29.31311871294656,0.18508757435558493,0.18501413674083866,-7.343761474626342e-05,7.343761474626342e-05,0.25,0.056892067620286084,0.7969036102294922,0.32674673199653625,2.438903077500221,
Textured,0.24325561911183932,2000,Sequential Replacement,0854.png,2040,1068,2000,18320,0.008408606888448264,True,True,0.0,0.001391948789503317,76.69457103212073,0.9999845767565408,9098,0.41758463685099506,1,0.0013277999823912978,1.7400016076862812e-05,0.0002239847249761338,1.611722968686733e-07,3892.3480159064884,3887.6031467550893,-4.7448691513991434,4.7448691513991434,0.18508757435558493,0.18427425277226994,-0.0008133215833149854,0.0008133215833149854,0.25,1.0,0.02093440480530262,0.32674673199653625,0.06406920943749343,
Textured,0.24325561911183932,2000,Sequential Matching,0854.png,2040,1068,2000,18320,0.008408606888448264,True,True,0.0,0.001391948789503317,76.69457103212073,0.9999845092753538,9098,0.41758463685099506,1,0.04664070002036169,0.001815499970689416,0.00017778022569827032,7.860589390826205e-08,3892.3480159064884,3888.9881450132807,-3.359870893207699,3.359870893207699,0.18508757435558493,0.18402823676286995,-0.0010593375927149817,0.0010593375927149817,0.25,1.0,0.02093440480530262,0.32674673199653625,0.06406920943749343,
Textured,0.24325561911183932,2000,Keyed Random Matching,0854.png,2040,1068,2000,18320,0.008408606888448264,True,True,0.0,0.0014023524515923724,76.6622318279724,0.9999912145172264,9166,0.4207057354777117,1,1.283979100000579,1.2565537999616936,0.0002530537808132019,9.711130366051479e-08,3892.3480159064884,3865.14636635211,-27.20164955437849,27.20164955437849,0.18508757435558493,0.18463317911434235,-0.0004543952412425778,0.0004543952412425778,0.25,0.24852716561204452,0.3288007378578186,0.32674673199653625,1.0062862323021002,
Textured,0.24325561911183932,2000,Canny Synchronous,0854.png,2040,1068,2000,18320,0.008408606888448264,True,False,0.4942139737991266,0.0013956206702406306,76.68312967801089,0.9999985798828438,9122,0.4186862010721892,1,0.09755450004013255,0.05368140002246946,0.00020348339085946477,6.696481908854294e-08,3892.3480159064884,3889.9220339410463,-2.4259819654421335,2.4259819654421335,0.18508757435558493,0.1851224572225894,3.4882867004482065e-05,3.4882867004482065e-05,0.25,0.0,0.5154670476913452,0.32674673199653625,1.5775736900003932,BIT_ERRORS
Textured,0.24325561911183932,5000,GuardianPixel,0854.png,2040,1068,5000,40824,0.018737607402511566,True,True,0.0,0.00312063964162444,73.18836739812235,0.9999954393287308,20374,0.9351362267753544,1,12.44912549998844,7.787590299965814,0.0006545127414261638,4.97679333950788e-07,3892.3480159064884,3813.6853405894162,-78.66267531707217,78.66267531707217,0.18508757435558493,0.1849893515458618,-9.82228097231308e-05,9.82228097231308e-05,0.25,0.04147442819279474,0.8075029850006104,0.32674673199653625,2.4713421923655856,
Textured,0.24325561911183932,5000,Sequential Replacement,0854.png,2040,1068,5000,40824,0.018737607402511566,True,True,0.0,0.0031048811534601355,73.21035379667477,0.9999562522911513,20294,0.9314643460380406,1,0.002248200005851686,6.689998554065824e-05,0.0004357298474945537,5.523160481885382e-07,3892.3480159064884,3888.0059186750027,-4.342097231485695,4.342097231485695,0.18508757435558493,0.1829597194683117,-0.0021278548872732395,0.0021278548872732395,0.25,1.0,0.02186211571097374,0.32674673199653625,0.06690844489059952,
Textured,0.24325561911183932,5000,Sequential Matching,0854.png,2040,1068,5000,40824,0.018737607402511566,True,True,0.0,0.0031048811534601355,73.21035379667477,0.999955964329316,20294,0.9314643460380406,1,0.08121939998818561,0.007846899970900267,0.0002481579398301132,1.5208267643754582e-07,3892.3480159064884,3892.293689473231,-0.05432643325730169,0.05432643325730169,0.18508757435558493,0.1825117500183594,-0.0025758243372255296,0.0025758243372255296,0.25,1.0,0.02186211571097374,0.32674673199653625,0.06690844489059952,
Textured,0.24325561911183932,5000,Keyed Random Matching,0854.png,2040,1068,5000,40824,0.018737607402511566,True,True,0.0,0.0031318082788671024,73.17285193043504,0.9999802106601319,20470,0.9395424836601307,1,1.935355800029356,1.4577473000390455,0.000411556632640572,2.31865438470652e-07,3892.3480159064884,3849.189334774439,-43.15868113204942,43.15868113204942,0.18508757435558493,0.18401263126973635,-0.0010749430858485731,0.0010749430858485731,0.25,0.24846116267708843,0.32593196630477905,0.32674673199653625,0.9975064304797214,
Textured,0.24325561911183932,5000,Canny Synchronous,0854.png,2040,1068,5000,40824,0.018737607402511566,True,False,0.49299431706839114,0.0031405289956182225,73.16077553390878,0.9999967494138996,20527,0.9421586986854666,1,0.3360683000064455,0.1380302999750711,0.00032863332598957496,2.0073984627964478e-07,3892.3480159064884,3889.4737604813627,-2.874255425125739,2.874255425125739,0.18508757435558493,0.1851536682088566,6.609385327166484e-05,6.609385327166484e-05,0.25,0.0,0.5372899770736694,0.32674673199653625,1.6443622061363572,BIT_ERRORS
Mixed,0.22175785050810143,500,GuardianPixel,0861.png,2040,1356,500,6680,0.0024148302388802127,True,True,0.0,0.0003930726666281065,82.1860751584026,0.9999989742223074,3260,0.11784949968187866,1,10.805422400007956,9.22664629999781,0.0002301559758613416,5.416487592461193e-08,644864.3890237429,644575.7721879265,-288.6168358164141,288.6168358164141,0.2815771588871537,0.28156125281971195,-1.5906067441728844e-05,1.5906067441728844e-05,0.25,0.09202453987730061,0.7295775413513184,0.2991887331008911,2.438519438181161,
Mixed,0.22175785050810143,500,Sequential Replacement,0861.png,2040,1356,500,6680,0.0024148302388802127,True,True,0.0,0.0003974106850213045,82.13840821236016,0.9999990663299295,3298,0.11922320550639134,1,0.0016436000005342066,2.2600055672228336e-05,0.00031860335087820256,1.040057802020397e-06,644864.3890237429,642237.1485088607,-2627.2405148821417,2627.2405148821417,0.2815771588871537,0.28125614552605704,-0.0003210133610966337,0.0003210133610966337,0.25,0.41934505761067314,0.31446021795272827,0.2991887331008911,1.051042981109477,
Mixed,0.22175785050810143,500,Sequential Matching,0861.png,2040,1356,500,6680,0.0024148302388802127,True,True,0.0,0.0003974106850213045,82.13840821236016,0.9999990073877356,3298,0.11922320550639134,1,0.038211099978070706,0.0008706999942660332,0.00031281932635394174,8.078368076058195e-07,644864.3890237429,643182.4949840179,-1681.8940397249535,1681.8940397249535,0.2815771588871537,0.2812149343513216,-0.0003622245358320675,0.0003622245358320675,0.25,0.41934505761067314,0.31446021795272827,0.2991887331008911,1.051042981109477,
Mixed,0.22175785050810143,500,Keyed Random Matching,0861.png,2040,1356,500,6680,0.0024148302388802127,True,True,0.0,0.00040765322844968865,82.02789474756536,0.9999974576283489,3383,0.1222959685349066,1,2.077678899979219,1.7357994000194594,0.0001771357510555815,8.165495990973572e-08,644864.3890237429,644323.5930960032,-540.7959277397022,540.7959277397022,0.2815771588871537,0.2811910752501591,-0.00038608363699460524,0.00038608363699460524,0.25,0.243275199527047,0.30348071455955505,0.2991887331008911,1.0143453980174335,
Mixed,0.22175785050810143,500,Canny Synchronous,0861.png,2040,1356,500,6680,0.0024148302388802127,True,False,0.36991017964071854,0.0003995796942179035,82.11476950666281,0.9999997619756519,3316,0.11987390826537103,1,0.12008269998477772,0.06463670002995059,0.00012074151194401088,3.5195328732808235e-08,644864.3890237429,644840.0237171691,-24.365306573803537,24.365306573803537,0.2815771588871537,0.28162126207415117,4.4103186997490607e-05,4.4103186997490607e-05,0.25,0.0,0.6628398299217224,0.2991887331008911,2.2154571900212647,BIT_ERRORS
Mixed,0.22175785050810143,2000,GuardianPixel,0861.png,2040,1356,2000,18168,0.0065677598473017525,True,True,0.0,0.0011013746698286002,77.71145276810684,0.9999981172041611,9135,0.33023165018219675,1,11.406736799981445,9.450536500022281,0.0004053637187421671,1.700357816885212e-07,644864.3890237429,644300.5497039522,-563.8393197907135,563.8393197907135,0.2815771588871537,0.2815099196020591,-6.723928509455579e-05,6.723928509455579e-05,0.25,0.05396825396825397,0.8097850680351257,0.2991887331008911,2.706602817700537,
Mixed,0.22175785050810143,2000,Sequential Replacement,0861.png,2040,1356,2000,18168,0.0065677598473017525,True,True,0.0,0.0010973981529681686,77.72716135968673,0.9999951210460477,9107,0.32921944589045055,1,0.0017742000054568052,1.680001150816679e-05,0.0008075944242003523,8.914330308337192e-06,644864.3890237429,637143.5013511525,-7720.887672590325,7720.887672590325,0.2815771588871537,0.2805953207241599,-0.0009818381629937978,0.0009818381629937978,0.25,0.41100252552981226,0.3021561801433563,0.2991887331008911,1.0099183114675128,
Mixed,0.22175785050810143,2000,Sequential Matching,0861.png,2040,1356,2000,18168,0.0065677598473017525,True,True,0.0,0.0010973981529681686,77.72716135968673,0.999994042325245,9107,0.32921944589045055,1,0.05325970001285896,0.0018849000334739685,0.0007504771820232462,6.948662018836054e-06,644864.3890237429,639849.4698968759,-5014.919126866967,5014.919126866967,0.2815771588871537,0.2804066169240558,-0.0011705419630979041,0.0011705419630979041,0.25,0.41100252552981226,0.3021561801433563,0.2991887331008911,1.0099183114675128,
Mixed,0.22175785050810143,2000,Keyed Random Matching,0861.png,2040,1356,2000,18168,0.0065677598473017525,True,True,0.0,0.001091855129465749,77.7491534213967,0.9999932032336605,9061,0.3275565388397247,1,1.3516079999972135,1.3940193000016734,0.00037379258488055427,4.0737321420552353e-07,644864.3890237429,643495.8218725268,-1368.5671512160916,1368.5671512160916,0.2815771588871537,0.28064520793568165,-0.000931950951472027,0.000931950951472027,0.25,0.2448957068756208,0.29907768964767456,0.2991887331008911,0.9996288514876023,
Mixed,0.22175785050810143,2000,Canny Synchronous,0861.png,2040,1356,2000,18168,0.0065677598473017525,True,False,0.4450682518714223,0.00109414463917327,77.74005624023431,0.9999993268602898,9080,0.32824339175198103,1,0.11919709999347106,0.06832009996287525,0.0002156959145506786,1.1199949654351835e-07,644864.3890237429,644825.943868999,-38.44515474385116,38.44515474385116,0.2815771588871537,0.2816581352304934,8.097634333970039e-05,8.097634333970039e-05,0.25,0.0,0.6326205134391785,0.2991887331008911,2.114452997218478,BIT_ERRORS
Mixed,0.22175785050810143,5000,GuardianPixel,0861.png,2040,1356,5000,41176,0.01488518711319336,True,True,0.0,0.0024914685638267107,74.16624949048864,0.9999963264118813,20665,0.74704291746197,1,11.338809799985029,9.171643499983475,0.00066275281007191,5.024397055393443e-07,644864.3890237429,643798.3963280364,-1065.9926957064308,1065.9926957064308,0.2815771588871537,0.2814911215223552,-8.603736479845248e-05,8.603736479845248e-05,0.25,0.04200338736994919,0.8169455528259277,0.2991887331008911,2.730535820513137,
Mixed,0.22175785050810143,5000,Sequential Replacement,0861.png,2040,1356,5000,41176,0.01488518711319336,True,True,0.0,0.0024760444984286735,74.19321915492216,0.9999869564201097,20548,0.742813349528602,1,0.0016947000403888524,2.6300025638192892e-05,0.0017414733838471452,4.1902572712364566e-05,644864.3890237429,627536.6755049617,-17327.713518781122,17327.713518781122,0.2815771588871537,0.27938429058939207,-0.0021928682977616076,0.0021928682977616076,0.25,0.37716566089157094,0.30744844675064087,0.2991887331008911,1.02760703440983,
Mixed,0.22175785050810143,5000,Sequential Matching,0861.png,2040,1356,5000,41176,0.01488518711319336,True,True,0.0,0.0024760444984286735,74.19321915492216,0.9999833823912175,20548,0.742813349528602,1,0.08809940004721284,0.005422000016551465,0.001578556693080377,3.3221164219175895e-05,644864.3890237429,633676.6111616595,-11187.7778620834,11187.7778620834,0.2815771588871537,0.27912111747353807,-0.002456041413615606,0.002456041413615606,0.25,0.37716566089157094,0.30744844675064087,0.2991887331008911,1.02760703440983,
Mixed,0.22175785050810143,5000,Keyed Random Matching,0861.png,2040,1356,5000,41176,0.01488518711319336,True,True,0.0,0.0024655609539784447,74.21164617172823,0.9999845956836572,20461,0.7396682861935334,1,1.6913682000013068,1.34968270000536,0.0007690342607052613,2.1514732327107855e-06,644864.3890237429,641445.0660188203,-3419.3230049225967,3419.3230049225967,0.2815771588871537,0.279392243623113,-0.0021849152640406877,0.0021849152640406877,0.25,0.24827721030252675,0.30021578073501587,0.2991887331008911,1.0034327751031267,
Mixed,0.22175785050810143,5000,Canny Synchronous,0861.png,2040,1356,5000,41176,0.01488518711319336,True,False,0.46614532737517,0.0024899020571847227,74.16898096848803,0.9999984986240807,20663,0.7469706171554167,1,0.16918460000306368,0.0675383000052534,0.00034029344284419104,3.2213513159329085e-07,644864.3890237429,644721.444687611,-142.9443361319136,142.9443361319136,0.2815771588871537,0.2816313841170687,5.422522991499479e-05,5.422522991499479e-05,0.25,0.0,0.5926613807678223,0.2991887331008911,1.9808947169409872,BIT_ERRORS
Textured,0.26054545304763554,500,GuardianPixel,0866.png,1356,2040,500,6680,0.0024148302388802127,True,True,0.0,0.000397049183488538,82.14236053614486,0.9999991607710402,3295,0.11911475504656138,1,10.181014300032984,8.450625099998433,0.00020292286039292717,2.0080149741801564e-08,3379.401647748278,3379.838397730299,0.4367499820214107,0.4367499820214107,0.15364755046561396,0.15363887442882757,-8.676036786392505e-06,8.676036786392505e-06,0.25,0.08710166919575114,0.7481496930122375,0.3525087833404541,2.122357593256541,
Textured,0.26054545304763554,500,Sequential Replacement,0866.png,1356,2040,500,6680,0.0024148302388802127,True,True,0.0,0.0003918676615188848,82.19940935622486,0.9999991853552076,3252,0.11756029845566546,1,0.0015767999575473368,1.279998105019331e-05,9.254439238822387e-05,1.1776764376120526e-08,3379.401647748278,3379.3370369652107,-0.06461078306710988,0.06461078306710988,0.15364755046561396,0.15362007634912372,-2.747411649023368e-05,2.747411649023368e-05,0.25,0.2666051660516605,0.40411144495010376,0.3525087833404541,1.146386881826464,
Textured,0.26054545304763554,500,Sequential Matching,0866.png,1356,2040,500,6680,0.0024148302388802127,True,True,0.0,0.0003918676615188848,82.19940935622486,0.999999184840907,3252,0.11756029845566546,1,0.03483560000313446,0.0007857000455260277,9.374939749744399e-05,1.2093767649097836e-08,3379.401647748278,3380.3288881323388,0.9272403840609513,0.9272403840609513,0.15364755046561396,0.1536374284226965,-1.012204291744867e-05,1.012204291744867e-05,0.25,0.2666051660516605,0.40411144495010376,0.3525087833404541,1.146386881826464,
Textured,0.26054545304763554,500,Keyed Random Matching,0866.png,1356,2040,500,6680,0.0024148302388802127,True,True,0.0,0.0004095812366244433,82.00740307961456,0.9999980749103646,3399,0.12287437098733299,1,1.5106958000105806,1.3429948999546468,0.00011278847822314914,1.8176833806306095e-08,3379.401647748278,3373.528876208961,-5.872771539317,5.872771539317,0.15364755046561396,0.15358320319278154,-6.43472728324157e-05,6.43472728324157e-05,0.25,0.2559576345984113,0.3496766686439514,0.3525087833404541,0.9919658322562492,
Textured,0.26054545304763554,500,Canny Synchronous,0866.png,1356,2040,500,6680,0.0024148302388802127,True,False,0.4818862275449102,0.0003981336880868375,82.1305143389617,0.9999995667642012,3304,0.11944010642605124,1,0.10381329996744171,0.07283389999065548,0.00011134247209208124,1.71721569002056e-08,3379.401647748278,3381.807453686886,2.4058059386084096,2.4058059386084096,0.15364755046561396,0.15366201052692463,1.4460061310672678e-05,1.4460061310672678e-05,0.25,0.0,0.5959479808807373,0.3525087833404541,1.6905904449625269,BIT_ERRORS
Textured,0.26054545304763554,2000,GuardianPixel,0866.png,1356,2040,2000,18520,0.00669500838683556,True,True,0.0,0.0011131837198989725,77.66513514633988,0.9999980709323292,9234,0.3338105153565851,1,11.66851340001449,9.553215199965052,0.0003535484990456368,6.022165141686855e-08,3379.401647748278,3368.533720608243,-10.86792714003468,10.86792714003468,0.15364755046561396,0.1536330904043033,-1.4460061310644923e-05,1.4460061310644923e-05,0.25,0.05555555555555555,0.8024057745933533,0.3525087833404541,2.276271720067716,
Textured,0.26054545304763554,2000,Sequential Replacement,0866.png,1356,2040,2000,18520,0.00669500838683556,True,True,0.0,0.0011178832398249369,77.64683915947043,0.999995236066504,9277,0.33536497194748105,1,0.002495999971870333,3.029999788850546e-05,0.00017954576127402532,4.267602391151397e-08,3379.401647748278,3374.740199820061,-4.661447928216603,4.661447928216603,0.15364755046561396,0.15349282780958992,-0.00015472265602403668,0.00015472265602403668,0.25,0.25439258380942115,0.34064167737960815,0.3525087833404541,0.9663352900078389,
Textured,0.26054545304763554,2000,Sequential Matching,0866.png,1356,2040,2000,18520,0.00669500838683556,True,True,0.0,0.0011178832398249369,77.64683915947043,0.9999952212437865,9277,0.33536497194748105,1,0.052329599973745644,0.0018564999918453395,0.00017207472959685305,3.829251616428106e-08,3379.401647748278,3378.8547124067986,-0.546935341479184,0.546935341479184,0.15364755046561396,0.15348704378506564,-0.00016050668054831685,0.00016050668054831685,0.25,0.25439258380942115,0.34064167737960815,0.3525087833404541,0.9663352900078389,
Textured,0.26054545304763554,2000,Keyed Random Matching,0866.png,1356,2040,2000,18520,0.00669500838683556,True,True,0.0,0.0011131837198989725,77.66513514633988,0.9999948773870377,9238,0.33395511596969174,1,1.3603390000062063,1.3779461000231095,0.0001908728093007113,4.784509325694169e-08,3379.401647748278,3372.9784657367445,-6.423182011533299,6.423182011533299,0.15364755046561396,0.15349355081265545,-0.0001539996529585086,0.0001539996529585086,0.25,0.24583243126217796,0.3552100658416748,0.3525087833404541,1.0076630218277762,
Textured,0.26054545304763554,2000,Canny Synchronous,0866.png,1356,2040,2000,18520,0.00669500838683556,True,False,0.49109071274298055,0.0011364403185069505,77.57533727690937,0.9999987542403345,9431,0.34093209555208515,1,0.1338685000082478,0.07093629997689277,0.00018966780419148947,4.382568667471641e-08,3379.401647748278,3382.553928603603,3.152280855324989,3.152280855324989,0.15364755046561396,0.1536764705882353,2.8920122621345357e-05,2.8920122621345357e-05,0.25,0.0002120665889089174,0.6228392124176025,0.3525087833404541,1.7668757258058516,BIT_ERRORS
Textured,0.26054545304763554,5000,GuardianPixel,0866.png,1356,2040,5000,40904,0.014786858696280871,True,True,0.0,0.00246917596930611,74.20528319224603,0.9999959355068281,20476,0.7402105384926831,1,14.401685799995903,9.199097000004258,0.0004933290917153516,1.0238043868518693e-07,3379.401647748278,3364.2490416415485,-15.152606106729309,15.152606106729309,0.15364755046561396,0.1535998322632888,-4.7718202325158776e-05,4.7718202325158776e-05,0.25,0.039070130884938464,0.8125857710838318,0.3525087833404541,2.30515042315707,
Textured,0.26054545304763554,5000,Sequential Replacement,0866.png,1356,2040,5000,40904,0.014786858696280871,True,True,0.0,0.002474357491275763,74.1961791485846,0.9999869263238104,20534,0.7423072473827289,1,0.0017534000216983259,4.989997250959277e-05,0.0003084813079607471,1.2458133538221858e-07,3379.401647748278,3378.508953638632,-0.8926941096456176,0.8926941096456176,0.15364755046561396,0.15316241540864134,-0.0004851350569726187,0.0004851350569726187,0.25,0.28255576117658515,0.3039969503879547,0.3525087833404541,0.8623812079438414,
Textured,0.26054545304763554,5000,Sequential Matching,0866.png,1356,2040,5000,40904,0.014786858696280871,True,True,0.0,0.002474357491275763,74.1961791485846,0.9999869705491188,20534,0.7423072473827289,1,0.08598299999721348,0.00608929997542873,0.00029691325891221794,1.2246162230599815e-07,3379.401647748278,3370.651846049531,-8.749801698746978,8.749801698746978,0.15364755046561396,0.15316458441783792,-0.00048296604777603447,0.00048296604777603447,0.25,0.28255576117658515,0.3039969503879547,0.3525087833404541,0.8623812079438414,
Textured,0.26054545304763554,5000,Keyed Random Matching,0866.png,1356,2040,5000,40904,0.014786858696280871,True,True,0.0,0.0024562824146374383,74.2280206188926,0.9999884128289631,20384,0.7368847243912314,1,1.4126082999864593,1.3604854999575764,0.00030101027628357175,1.295258392969223e-07,3379.401647748278,3335.8027033556173,-43.59894439266054,43.59894439266054,0.15364755046561396,0.1533373821505003,-0.00031016831511365694,0.00031016831511365694,0.25,0.25956632653061223,0.3504183292388916,0.3525087833404541,0.9940697815193344,
Textured,0.26054545304763554,5000,Canny Synchronous,0866.png,1356,2040,5000,40904,0.014786858696280871,True,False,0.4950127126931351,0.0024803825168218715,74.18561699342226,0.999996937024816,20584,0.7441147550465613,1,0.1736324999947101,0.08486880001146346,0.00027739217614282776,9.464333444083704e-08,3379.401647748278,3379.404929551357,0.003281803079062229,0.003281803079062229,0.15364755046561396,0.1536764705882353,2.8920122621345357e-05,2.8920122621345357e-05,0.25,0.00014574426739214925,0.6098515391349792,0.3525087833404541,1.7300321806335892,BIT_ERRORS
Mixed,0.2030718099169837,500,GuardianPixel,0869.png,1356,2040,500,6536,0.002362774018161837,True,True,0.0,0.00039271116509534003,82.1900711207937,0.9999988773634394,3258,0.11777719937532535,1,9.629681499965955,8.500444100005552,0.0002323249850579363,8.308000781419687e-08,11309.907882511598,11151.663424745677,-158.24445776592074,158.24445776592074,0.2225613106599572,0.2225482966047776,-1.3014055179616513e-05,1.3014055179616513e-05,0.25,0.08717004297114794,0.7499532103538513,0.29194870591163635,2.56878415683349,
Mixed,0.2030718099169837,500,Sequential Replacement,0869.png,1356,2040,500,6536,0.002362774018161837,True,True,0.0,0.00039319316713902865,82.1847439875664,0.9999973372369048,3263,0.11795795014170861,1,0.0016005000215955079,1.109996810555458e-05,0.00010001542406539814,5.806959931132409e-08,11309.907882511598,11263.911132440078,-45.99675007151927,45.99675007151927,0.2225613106599572,0.2224673202614379,-9.39903985193169e-05,9.39903985193169e-05,0.25,1.0,0.0423075295984745,0.29194870591163635,0.1449142563121333,
Mixed,0.2030718099169837,500,Sequential Matching,0869.png,1356,2040,500,6536,0.002362774018161837,True,True,0.0,0.00039319316713902865,82.1847439875664,0.999997331351207,3263,0.11795795014170861,1,0.05622199998470023,0.0011602999875321984,7.08543004222335e-05,2.9745194084130202e-08,11309.907882511598,11303.791745820787,-6.11613669081089,6.11613669081089,0.2225613106599572,0.222425386083637,-0.00013592457632022326,0.00013592457632022326,0.25,1.0,0.0423075295984745,0.29194870591163635,0.1449142563121333,
Mixed,0.2030718099169837,500,Keyed Random Matching,0869.png,1356,2040,500,6536,0.002362774018161837,True,True,0.0,0.00039283166560626217,82.18873872476577,0.9999970627402033,3260,0.11784949968187866,1,1.483689900022,1.489470100030303,0.00012797154259933945,2.092858506789724e-08,11309.907882511598,11305.956960360749,-3.9509221508487826,3.9509221508487826,0.2225613106599572,0.22244852218173405,-0.00011278847822315807,0.00011278847822315807,0.25,0.23558282208588957,0.30034884810447693,0.29194870591163635,1.0287726645905497,
Mixed,0.2030718099169837,500,Canny Synchronous,0869.png,1356,2040,500,6536,0.002362774018161837,True,False,0.4718482252141983,0.0003907831569205853,82.21144523871544,0.9999995041466629,3243,0.1172349470761756,1,0.117473800026346,0.06672260002233088,0.00010073842713092882,2.5047236225546486e-08,11309.907882511598,11321.714708739608,11.806826228010323,11.806826228010323,0.2225613106599572,0.22258878477644745,2.747411649023368e-05,2.747411649023368e-05,0.25,0.0,0.4737047553062439,0.29194870591163635,1.6225615860397729,BIT_ERRORS
Mixed,0.2030718099169837,2000,GuardianPixel,0869.png,1356,2040,2000,17888,0.006466539418127133,True,True,0.0,0.0010792025758189214,77.79977387637524,0.9999978266074709,8954,0.32368847243912313,1,10.038763000047766,8.340973800048232,0.0004003026972834337,3.429914773224257e-07,11309.907882511598,10968.842875199545,-341.06500731205233,341.06500731205233,0.2225613106599572,0.22254757360171207,-1.3737058245144596e-05,1.3737058245144596e-05,0.25,0.052825552825552825,0.820099413394928,0.29194870591163635,2.8090530863430034,
Mixed,0.2030718099169837,2000,Sequential Replacement,0869.png,1356,2040,2000,17888,0.006466539418127133,True,True,0.0,0.0010826970906356642,77.78573391099523,0.9999863629615907,8985,0.32480912719069926,1,0.0015858000260777771,1.699995482340455e-05,0.00019207781440993386,3.3805073301148714e-07,11309.907882511598,11159.7885771438,-150.119305367798,150.119305367798,0.2225613106599572,0.22220270113945284,-0.00035860952050437156,0.00035860952050437156,0.25,1.0,0.03705839067697525,0.29194870591163635,0.12693459476471067,
Mixed,0.2030718099169837,2000,Sequential Matching,0869.png,1356,2040,2000,17888,0.006466539418127133,True,True,0.0,0.0010826970906356642,77.78573391099523,0.9999863517152594,8985,0.32480912719069926,1,0.05077399994479492,0.00181049999082461,0.00011616249252896895,8.08617368993031e-08,11309.907882511598,11265.33098547062,-44.5768970409772,44.5768970409772,0.2225613106599572,0.22212027878998208,-0.0004410318699751281,0.0004410318699751281,0.25,1.0,0.03705839067697525,0.29194870591163635,0.12693459476471067,
Mixed,0.2030718099169837,2000,Keyed Random Matching,0869.png,1356,2040,2000,17888,0.006466539418127133,True,True,0.0,0.001074503055892957,77.81872705902653,0.9999916216960415,8917,0.32235091676788713,1,1.3389809000073,1.2614328999770805,0.00020701987776428345,5.273527096819929e-08,11309.907882511598,11274.362530307128,-35.545352204469964,35.545352204469964,0.2225613106599572,0.22236682283532883,-0.00019448782462838654,0.00019448782462838654,0.25,0.25042054502635414,0.2894260287284851,0.29194870591163635,0.9913591766907343,
Mixed,0.2030718099169837,2000,Canny Synchronous,0869.png,1356,2040,2000,17888,0.006466539418127133,True,False,0.49804338103756707,0.0010746235564038792,77.81824004530928,0.9999988204047009,8918,0.3223870669211637,1,0.14466769999125972,0.10240830003749579,0.0001720747295968532,4.9664917773860615e-08,11309.907882511598,11335.77109802279,25.86321551119181,25.86321551119181,0.2225613106599572,0.222546127595581,-1.5183064376200761e-05,1.5183064376200761e-05,0.25,0.0,0.4874674677848816,0.29194870591163635,1.6697024440054296,BIT_ERRORS
Mixed,0.2030718099169837,5000,GuardianPixel,0869.png,1356,2040,5000,39872,0.014413789114465845,True,True,0.0,0.0024059132010719724,74.31800405767434,0.9999958447808313,19953,0.7213040083289953,1,11.82868660002714,10.436779099982232,0.0006041895617637417,1.5418674500342257e-06,11309.907882511598,10613.388298172573,-696.5195843390247,696.5195843390247,0.2225613106599572,0.22257287870900572,1.1568049048504836e-05,1.1568049048504836e-05,0.25,0.038490452563524284,0.8287564516067505,0.29194870591163635,2.8387056863940643,
Mixed,0.2030718099169837,5000,Sequential Replacement,0869.png,1356,2040,5000,39872,0.014413789114465845,True,True,0.0,0.002407720708735805,74.31474252737934,0.9999647779210191,19981,0.7223162126207415,1,0.0016160000232048333,4.4199987314641476e-05,0.00046633697726878345,1.6057624767688111e-06,11309.907882511598,11006.514129792444,-303.3937527191538,303.3937527191538,0.2225613106599572,0.22180794146567182,-0.0007533691942853971,0.0007533691942853971,0.25,1.0,0.03311590850353241,0.29194870591163635,0.11343057130575379,
Mixed,0.2030718099169837,5000,Sequential Matching,0869.png,1356,2040,5000,39872,0.014413789114465845,True,True,0.0,0.002407720708735805,74.31474252737934,0.9999647584860156,19981,0.7223162126207415,1,0.11816009995527565,0.005629700026474893,0.0002330479881234693,3.616423191283788e-07,11309.907882511598,11224.92206189116,-84.98582062043715,84.98582062043715,0.2225613106599572,0.22151729423332756,-0.001044016426629657,0.001044016426629657,0.25,1.0,0.03311590850353241,0.29194870591163635,0.11343057130575379,
Mixed,0.2030718099169837,5000,Keyed Random Matching,0869.png,1356,2040,5000,39872,0.014413789114465845,True,True,0.0,0.0023931401469142227,74.34112228385155,0.9999813988743602,19860,0.7179420440742669,1,1.5179314000415616,1.350975000008475,0.0003227003682495603,1.6208628952406447e-07,11309.907882511598,11218.602664398279,-91.30521811331892,91.30521811331892,0.2225613106599572,0.22176456128173982,-0.0007967493782173873,0.0007967493782173873,0.25,0.2497482376636455,0.29135772585868835,0.29194870591163635,0.9979757401181053,
Mixed,0.2030718099169837,5000,Canny Synchronous,0869.png,1356,2040,5000,39872,0.014413789114465845,True,False,0.4936045345104334,0.002394586153045289,74.33849894048029,0.9999980671224721,19872,0.7183758459135867,1,0.15412369999103248,0.07266429997980595,0.0002925752405190199,1.6570684715987198e-07,11309.907882511598,11282.754940932264,-27.152941579333856,27.152941579333856,0.2225613106599572,0.2226010758285615,3.9765168604294354e-05,3.9765168604294354e-05,0.25,0.0,0.516432523727417,0.29194870591163635,1.7689152692587198,BIT_ERRORS
Mixed,0.22401215629704135,500,GuardianPixel,0871.png,2040,1356,500,6536,0.002362774018161837,True,True,0.0,0.00040427921414386796,82.06398948039505,0.9999986674787342,3354,0.12124761408988374,1,10.800753400020767,9.89602579997154,0.00021714192068174074,2.170896211564047e-08,8368.426410754771,8371.399699181358,2.973288426586805,2.973288426586805,0.31829197755798483,0.3182225692636937,-6.940829429114004e-05,6.940829429114004e-05,0.25,0.08974358974358974,0.7424877882003784,0.3389996290206909,2.19023186056366,
Mixed,0.22401215629704135,500,Sequential Replacement,0871.png,2040,1356,500,6536,0.002362774018161837,True,True,0.0,0.000399218192685137,82.11870036662557,0.9999986979166672,3313,0.11976545780554108,1,0.0017118999967351556,1.3699987903237343e-05,0.00015207164478377513,5.05726825323175e-08,8368.426410754771,8346.429392881533,-21.997017873238292,21.997017873238292,0.31829197755798483,0.3180635085892764,-0.00022846896870842848,0.00022846896870842848,0.25,0.444913975249019,0.250169575214386,0.3389996290206909,0.7379641562944508,
Mixed,0.22401215629704135,500,Sequential Matching,0871.png,2040,1356,500,6536,0.002362774018161837,True,True,0.0,0.000399218192685137,82.11870036662557,0.9999986942724765,3313,0.11976545780554108,1,0.035886799974832684,0.0007921000360511243,0.00012700753851196446,2.5415030581973924e-08,8368.426410754771,8357.932056081572,-10.494354673199268,10.494354673199268,0.31829197755798483,0.3180476025218347,-0.0002443750361501018,0.0002443750361501018,0.25,0.444913975249019,0.250169575214386,0.3389996290206909,0.7379641562944508,
Mixed,0.22401215629704135,500,Keyed Random Matching,0871.png,2040,1356,500,6536,0.002362774018161837,True,True,0.0,0.0003937956696936395,82.17809424684137,0.9999968369636684,3268,0.11813870090809184,1,1.5175711999763735,1.6258076000376604,0.00011568049048528168,1.9573083170353426e-08,8368.426410754771,8356.451547469573,-11.974863285198808,11.974863285198808,0.31829197755798483,0.3179839782520678,-0.0003079993059170172,0.0003079993059170172,0.25,0.2444920440636475,0.33971279859542847,0.3389996290206909,1.0021037473604257,
Mixed,0.22401215629704135,500,Canny Synchronous,0871.png,2040,1356,500,6536,0.002362774018161837,True,False,0.47949816401468787,0.00038608363699462085,82.26398965132317,0.9999993474943816,3204,0.11582509109838626,1,0.117939000017941,0.057780399976763874,0.00010459444348044133,1.947700606477011e-08,8368.426410754771,8372.400406934667,3.973996179895039,3.973996179895039,0.31829197755798483,0.31834403377870324,5.205622071841054e-05,5.205622071841054e-05,0.25,0.0,0.6471206545829773,0.3389996290206909,1.9089125744839093,BIT_ERRORS
Mixed,0.22401215629704135,2000,GuardianPixel,0871.png,2040,1356,2000,18232,0.006590895945398808,True,True,0.0,0.001091855129465749,77.7491534213967,0.9999972998713927,9056,0.3273757880733414,1,11.376999600033741,9.303084300016053,0.0003205313590529602,5.2991655491808745e-08,8368.426410754771,8360.694294656416,-7.732116098355618,7.732116098355618,0.31829197755798483,0.3181936491410724,-9.832841691242988e-05,9.832841691242988e-05,0.25,0.05598498233215548,0.8081085681915283,0.3389996290206909,2.38380369478872,
Mixed,0.22401215629704135,2000,Sequential Replacement,0871.png,2040,1356,2000,18232,0.006590895945398808,True,True,0.0,0.00109691615092448,77.72906929813325,0.9999920199334764,9103,0.329074845277344,1,0.0015719999792054296,1.6900012269616127e-05,0.0002537740760020829,1.589391152823168e-07,8368.426410754771,8339.252845051857,-29.173565702914857,29.173565702914857,0.31829197755798483,0.31767019492162646,-0.0006217826363583701,0.0006217826363583701,0.25,0.4324947819400198,0.23537859320640564,0.3389996290206909,0.6943328931844915,
Mixed,0.22401215629704135,2000,Sequential Matching,0871.png,2040,1356,2000,18232,0.006590895945398808,True,True,0.0,0.00109691615092448,77.72906929813325,0.9999919989532421,9103,0.329074845277344,1,0.055387299973517656,0.0019178999937139452,0.00019255981645362142,6.003473942550646e-08,8368.426410754771,8363.89649288454,-4.529917870231657,4.529917870231657,0.31829197755798483,0.3175921105905489,-0.0006998669674359026,0.0006998669674359026,0.25,0.4324947819400198,0.23537859320640564,0.3389996290206909,0.6943328931844915,
Mixed,0.22401215629704135,2000,Keyed Random Matching,0871.png,2040,1356,2000,18232,0.006590895945398808,True,True,0.0,0.0010976391539900129,77.72620770469409,0.9999911456058158,9109,0.3292917461970039,1,1.520174200006295,1.4185050000087358,0.0002046098675458363,5.283120287723223e-08,8368.426410754771,8372.059142189113,3.632731434341622,3.632731434341622,0.31829197755798483,0.3173809936954133,-0.0009109838625715461,0.0009109838625715461,0.25,0.24975299154682182,0.3393067419528961,0.3389996290206909,1.0009059388445125,
Mixed,0.22401215629704135,2000,Canny Synchronous,0871.png,2040,1356,2000,18232,0.006590895945398808,True,False,0.49325362000877576,0.0010834200937011973,77.78283474879208,0.999998257451975,8991,0.3250260281103592,1,0.1385568999685347,0.05722379998769611,0.0001609886825920166,4.136037148188272e-08,8368.426410754771,8373.490220681262,5.063809926490649,5.063809926490649,0.31829197755798483,0.3183035456070334,1.1568049048560347e-05,1.1568049048560347e-05,0.25,0.0,0.6670677065849304,0.3389996290206909,1.967753500238243,BIT_ERRORS
Mixed,0.22401215629704135,5000,GuardianPixel,0871.png,2040,1356,5000,40840,0.014763722598183817,True,True,0.0,0.0024649584514238342,74.21270757526237,0.9999944398925282,20437,0.7388006825148938,1,10.675595799984876,8.699788300029468,0.00044103186997512827,9.465254281664053e-08,8368.426410754771,8382.228844167665,13.802433412893151,13.802433412893151,0.31829197755798483,0.31818208109202384,-0.00010989646596099023,0.00010989646596099023,0.25,0.04301022654988501,0.8178451061248779,0.3389996290206909,2.4125250770553515,
Mixed,0.22401215629704135,5000,Sequential Replacement,0871.png,2040,1356,5000,40840,0.014763722598183817,True,True,0.0,0.0024594154279214144,74.22248467828446,0.9999774093052259,20410,0.7378246283764243,1,0.0017796000465750694,4.009995609521866e-05,0.00042271579231496076,4.412994820351639e-07,8368.426410754771,8301.01693765539,-67.40947309938201,67.40947309938201,0.31829197755798483,0.31673462895482674,-0.001557348603158093,0.001557348603158093,0.25,0.42190102890739833,0.22827164828777313,0.3389996290206909,0.673368430954361,
Mixed,0.22401215629704135,5000,Sequential Matching,0871.png,2040,1356,5000,40840,0.014763722598183817,True,True,0.0,0.0024594154279214144,74.22248467828446,0.9999773144295544,20410,0.7378246283764243,1,0.08712530002230778,0.004487500002142042,0.00031065031715734644,1.6601101898695191e-07,8368.426410754771,8355.065920932582,-13.360489822189265,13.360489822189265,0.31829197755798483,0.3165900283417202,-0.0017019492162646532,0.0017019492162646532,0.25,0.42190102890739833,0.22827164828777313,0.3389996290206909,0.673368430954361,
Mixed,0.22401215629704135,5000,Keyed Random Matching,0871.png,2040,1356,5000,40840,0.014763722598183817,True,True,0.0,0.0024695374708388765,74.2046474067401,0.9999799116061107,20494,0.7408612412516629,1,1.5202233999734744,1.7995758000179194,0.0002853452098636891,1.1774718042120603e-07,8368.426410754771,8371.410203857893,2.9837931031215703,2.9837931031215703,0.31829197755798483,0.3163977095262884,-0.0018942680316964555,0.0018942680316964555,0.25,0.25080511369181224,0.33642634749412537,0.3389996290206909,0.9924091907297973,
Mixed,0.22401215629704135,5000,Canny Synchronous,0871.png,2040,1356,5000,40840,0.014763722598183817,True,False,0.48878550440744367,0.0024558004125937493,74.22887292874108,0.999996125057827,20380,0.7367401237781248,1,0.3430712999543175,0.11301959998672828,0.00024196502593171038,8.364725741443901e-08,8368.426410754771,8360.235268165803,-8.191142588968432,8.191142588968432,0.31829197755798483,0.3182196772514315,-7.230030655330788e-05,7.230030655330788e-05,0.25,0.0,0.6427050828933716,0.3389996290206909,1.8958872750098021,BIT_ERRORS
Textured,0.2961218755796569,500,GuardianPixel,0872.png,2040,1356,500,6792,0.0024553184105500607,True,True,0.0,0.000394880174291939,82.16615031162141,0.999999432116855,3277,0.1184640522875817,1,10.73669999995036,9.506998900033068,0.00021111689513563577,3.814487113410214e-08,9834.596267689878,9788.386843806878,-46.209423882999545,46.209423882999545,0.09918589854820983,0.09917143848689919,-1.4460061310644923e-05,1.4460061310644923e-05,0.25,0.08880073237717424,0.7273328304290771,0.339557945728302,2.1419991479482388,
Textured,0.2961218755796569,500,Sequential Replacement,0872.png,2040,1356,500,6792,0.0024553184105500607,True,True,0.0,0.0004141602560394856,81.95911940407291,0.9999992706320584,3437,0.12424807681184569,1,0.001956599997356534,6.819999543949962e-05,0.00012507953033720793,2.102247683032319e-08,9834.596267689878,9838.460889509603,3.8646218197245616,3.8646218197245616,0.09918589854820983,0.09917722251142344,-8.676036786392505e-06,8.676036786392505e-06,0.25,0.5149839976723887,0.3003491461277008,0.339557945728302,0.8845298715761044,
Textured,0.2961218755796569,500,Sequential Matching,0872.png,2040,1356,500,6792,0.0024553184105500607,True,True,0.0,0.0004141602560394856,81.95911940407291,0.9999992713438828,3437,0.12424807681184569,1,0.04753270000219345,0.001220499980263412,0.00012363352420614136,2.1185545194556697e-08,9834.596267689878,9841.48171088684,6.885443196961205,6.885443196961205,0.09918589854820983,0.09917433049916131,-1.1568049048518714e-05,1.1568049048518714e-05,0.25,0.5149839976723887,0.3003491461277008,0.339557945728302,0.8845298715761044,
Textured,0.2961218755796569,500,Keyed Random Matching,0872.png,2040,1356,500,6792,0.0024553184105500607,True,True,0.0,0.00041331675246303047,81.96797352501746,0.9999985266153644,3430,0.12399502573890912,1,1.2763476999825798,1.2431904000113718,0.00011495748741974872,1.669771455369598e-08,9834.596267689878,9828.107998594734,-6.488269095143551,6.488269095143551,0.09918589854820983,0.0991497483949332,-3.615015327664006e-05,3.615015327664006e-05,0.25,0.2600583090379009,0.3392539620399475,0.339557945728302,0.9991047663817659,
Textured,0.2961218755796569,500,Canny Synchronous,0872.png,2040,1356,500,6792,0.0024553184105500607,True,False,0.46981743227326267,0.00040861723253706595,82.01763682766429,0.9999995860251835,3391,0.12258516976111977,1,0.11653820000356063,0.1735245999880135,0.00011640349355081106,2.0087626597986832e-08,9834.596267689878,9835.763241372088,1.1669736822095729,1.1669736822095729,0.09918589854820983,0.09915987043785066,-2.6028110359177514e-05,2.6028110359177514e-05,0.25,0.005013270421704512,0.5214141607284546,0.339557945728302,1.5355675438844398,BIT_ERRORS
Textured,0.2961218755796569,2000,GuardianPixel,0872.png,2040,1356,2000,18416,0.0066574122274278445,True,True,0.0,0.0011057126882217981,77.69438067651305,0.9999987638426723,9172,0.3315692058534328,1,11.485501700022724,9.199012199998833,0.000348005475543218,1.0739675030675805e-07,9834.596267689878,9745.158401369552,-89.43786632032607,89.43786632032607,0.09918589854820983,0.09919023656660304,4.33801839321013e-06,4.33801839321013e-06,0.25,0.05963802878325338,0.7938289642333984,0.339557945728302,2.337830624256934,
Textured,0.2961218755796569,2000,Sequential Replacement,0872.png,2040,1356,2000,18416,0.0066574122274278445,True,True,0.0,0.0010996876626756897,77.71811008107873,0.9999960236541653,9126,0.32990629880270694,1,0.0016268000472337008,1.6600009985268116e-05,0.0001884627990822675,5.0322397612713144e-08,9834.596267689878,9831.331561861818,-3.2647058280599595,3.2647058280599595,0.09918589854820983,0.0990731100699867,-0.00011278847822313032,0.00011278847822313032,0.25,0.4581415735261889,0.28233033418655396,0.339557945728302,0.8314643722472663,
Textured,0.2961218755796569,2000,Sequential Matching,0872.png,2040,1356,2000,18416,0.0066574122274278445,True,True,0.0,0.0010996876626756897,77.71811008107873,0.9999960195633082,9126,0.32990629880270694,1,0.04956279997713864,0.0018506000051274896,0.0001776177530992721,4.508686479042723e-08,9834.596267689878,9838.849889378596,4.25362168871834,4.25362168871834,0.09918589854820983,0.09903551391057899,-0.00015038463763084042,0.00015038463763084042,0.25,0.4581415735261889,0.28233033418655396,0.339557945728302,0.8314643722472663,
Textured,0.2961218755796569,2000,Keyed Random Matching,0872.png,2040,1356,2000,18416,0.0066574122274278445,True,True,0.0,0.0011228237607727456,77.62768766432313,0.999996036478542,9318,0.3368471282318237,1,1.7388959000236355,1.432523700001184,0.00021304490331039013,6.096076293676085e-08,9834.596267689878,9813.961606382034,-20.634661307844,20.634661307844,0.09918589854820983,0.09901888484007172,-0.00016701370813811123,0.00016701370813811123,0.25,0.2576733204550333,0.34126272797584534,0.339557945728302,1.0050205930062595,
Textured,0.2961218755796569,2000,Canny Synchronous,0872.png,2040,1356,2000,18416,0.0066574122274278445,True,False,0.4748588184187663,0.0011061946902654867,77.69248791343274,0.9999989474785913,9180,0.33185840707964603,1,0.14836779999313876,0.07560820004437119,0.0001713517265313197,4.322922872629987e-08,9834.596267689878,9833.7637063234,-0.8325613664783305,0.8325613664783305,0.09918589854820983,0.09918300653594771,-2.892012262126209e-06,2.892012262126209e-06,0.25,0.004030501089324619,0.5102546811103821,0.339557945728302,1.502702815615051,BIT_ERRORS
Textured,0.2961218755796569,5000,GuardianPixel,0872.png,2040,1356,5000,41328,0.014940135346173868,True,True,0.0,0.0025066516282029037,74.13986380504475,0.9999974331910298,20775,0.7510194343224016,1,10.945133599976543,15.815788299951237,0.0005446623093681916,3.12279491387072e-07,9834.596267689878,9641.92657205009,-192.6696956397882,192.6696956397882,0.09918589854820983,0.09917216148996472,-1.373705824511684e-05,1.373705824511684e-05,0.25,0.04649819494584838,0.8026798367500305,0.339557945728302,2.3638964920358436,
Textured,0.2961218755796569,5000,Sequential Replacement,0872.png,2040,1356,5000,41328,0.014940135346173868,True,True,0.0,0.002476647000983284,74.1921625030547,0.9999886101606587,20553,0.7429941002949852,1,0.002204400021582842,8.599995635449886e-05,0.0002986002660651283,1.3777991843410957e-07,9834.596267689878,9835.303733491608,0.7074658017299953,0.7074658017299953,0.09918589854820983,0.09893140146914223,-0.000254497079067606,0.000254497079067606,0.25,0.4624142460954605,0.2833770513534546,0.339557945728302,0.8345469600060524,
Textured,0.2961218755796569,5000,Sequential Matching,0872.png,2040,1356,5000,41328,0.014940135346173868,True,True,0.0,0.002476647000983284,74.1921625030547,0.9999886062460037,20553,0.7429941002949852,1,0.09101789997657761,0.004662299994379282,0.00029546725278115007,1.2829766905320885e-07,9834.596267689878,9847.704225430482,13.107957740603524,13.107957740603524,0.09918589854820983,0.09887500723003065,-0.00031089131817918503,0.00031089131817918503,0.25,0.4624142460954605,0.2833770513534546,0.339557945728302,0.8345469600060524,
Textured,0.2961218755796569,5000,Keyed Random Matching,0872.png,2040,1356,5000,41328,0.014940135346173868,True,True,0.0,0.002507495131779359,74.13840262343317,0.9999912064890321,20809,0.7522485395338077,1,1.4992243999731727,1.3807181000011042,0.0003267973856209159,1.469965297685482e-07,9834.596267689878,9769.983605447887,-64.61266224199062,64.61266224199062,0.09918589854820983,0.09897116663774655,-0.00021473191046328388,0.00021473191046328388,0.25,0.25296746600028835,0.3399192690849304,0.339557945728302,1.0010640992536737,
Textured,0.2961218755796569,5000,Canny Synchronous,0872.png,2040,1356,5000,41328,0.014940135346173868,True,False,0.4962737127371274,0.002483154028573081,74.1807670144842,0.9999975326421616,20607,0.7449462085719244,1,0.17529470002045855,0.07773749995976686,0.00028679121599475675,1.2612907454933836e-07,9834.596267689878,9837.059452269177,2.4631845792991953,2.4631845792991953,0.09918589854820983,0.09919457458499625,8.67603678642026e-06,8.67603678642026e-06,0.25,0.002280778376279905,0.48424240946769714,0.339557945728302,1.4260965339187341,BIT_ERRORS
Smooth,0.13894424083289253,500,GuardianPixel,0880.png,1356,2040,500,6728,0.0024321823124530046,True,True,0.0,0.00040656872385138915,82.0394639429141,0.999998131122732,3372,0.12189831684886343,1,10.406260999967344,10.17087619996164,0.00018243777353615527,3.027825006697117e-08,15195.70681540975,15193.148570397962,-2.5582450117890403,2.5582450117890403,0.30290719532650817,0.3028551391057898,-5.205622071835503e-05,5.205622071835503e-05,0.25,0.0975682087781732,0.6910561323165894,0.22222800552845,3.109671666598831,
Smooth,0.13894424083289253,500,Sequential Replacement,0880.png,1356,2040,500,6728,0.0024321823124530046,True,True,0.0,0.0003918676615188848,82.19940935622486,0.9999972367740128,3252,0.11756029845566546,1,0.001673299993854016,2.789997961372137e-05,0.00019135481134439827,1.620936789704697e-07,15195.70681540975,15228.819042368856,33.1122269591051,33.1122269591051,0.30290719532650817,0.3026888484007172,-0.0002183469257909798,0.0002183469257909798,0.25,0.4821648216482165,0.019189342856407166,0.22222800552845,0.08634979561093398,
Smooth,0.13894424083289253,500,Sequential Matching,0880.png,1356,2040,500,6728,0.0024321823124530046,True,True,0.0,0.0003918676615188848,82.19940935622486,0.9999972436005976,3252,0.11756029845566546,1,0.03753989998949692,0.0007374000269919634,0.00011592149150712336,4.7996216166919275e-08,15195.70681540975,15217.439722584299,21.732907174548018,21.732907174548018,0.30290719532650817,0.30268306437619297,-0.00022413095031520447,0.00022413095031520447,0.25,0.4821648216482165,0.019189342856407166,0.22222800552845,0.08634979561093398,
Smooth,0.13894424083289253,500,Keyed Random Matching,0880.png,1356,2040,500,6728,0.0024321823124530046,True,True,0.0,0.00040536371874216746,82.05235485418642,0.999995649826061,3364,0.12160911562265023,1,1.8353863999946043,1.2927792000118643,0.00010411244143675458,1.7356445121922792e-08,15195.70681540975,15198.365912958103,2.6590975483522925,2.6590975483522925,0.30290719532650817,0.3026664353056857,-0.0002407600208224614,0.0002407600208224614,0.25,0.25148632580261593,0.227350115776062,0.22222800552845,1.0230488962695399,
Smooth,0.13894424083289253,500,Canny Synchronous,0880.png,1356,2040,500,6728,0.0024321823124530046,True,False,0.4827586206896552,0.00040656872385138915,82.0394639429141,0.9999995411224095,3374,0.12197061715541674,1,0.22328879998531193,0.06410860002506524,0.00010266643530568387,1.944245091905341e-08,15195.70681540975,15203.830353898476,8.123538488725899,8.123538488725899,0.30290719532650817,0.3029187633755567,1.1568049048504836e-05,1.1568049048504836e-05,0.25,0.0,0.6221696138381958,0.22222800552845,2.7996904006706957,BIT_ERRORS
Smooth,0.13894424083289253,2000,GuardianPixel,0880.png,1356,2040,2000,18416,0.0066574122274278445,True,True,0.0,0.0010993261611429233,77.71953797680722,0.999996363625983,9119,0.32965324772977034,1,11.056596199981868,8.474099699989893,0.00030076927526172763,1.1352976114925277e-07,15195.70681540975,15201.144327180453,5.437511770702258,5.437511770702258,0.30290719532650817,0.3028001908728093,-0.0001070044536988779,0.0001070044536988779,0.25,0.05888803596885624,0.7768697738647461,0.22222800552845,3.4958230040240803,
Smooth,0.13894424083289253,2000,Sequential Replacement,0880.png,1356,2040,2000,18416,0.0066574122274278445,True,True,0.0,0.0011137862224535832,77.66278519507912,0.9999855617347481,9243,0.334135866736075,1,0.0016299999551847577,1.680001150816679e-05,0.0004407908689532854,1.1051908669456792e-06,15195.70681540975,15298.368777629168,102.66196221941755,102.66196221941755,0.30290719532650817,0.30228252067788763,-0.0006246746486205379,0.0006246746486205379,0.25,0.48339283782321757,0.015299522317945957,0.22222800552845,0.0688460587204761,
Smooth,0.13894424083289253,2000,Sequential Matching,0880.png,1356,2040,2000,18416,0.0066574122274278445,True,True,0.0,0.0011137862224535832,77.66278519507912,0.9999855403211573,9243,0.334135866736075,1,0.05019690003246069,0.002282799978274852,0.00024244702797539784,2.0998425574306175e-07,15195.70681540975,15242.046658581476,46.33984317172508,46.33984317172508,0.30290719532650817,0.302091647868587,-0.000815547457921173,0.000815547457921173,0.25,0.48339283782321757,0.015299522317945957,0.22222800552845,0.0688460587204761,
Smooth,0.13894424083289253,2000,Keyed Random Matching,0880.png,1356,2040,2000,18416,0.0066574122274278445,True,True,0.0,0.001109930206104074,77.67784690240579,0.9999881237505623,9211,0.33297906183122217,1,1.4600154999643564,1.7155324000050314,0.00016629070507259008,4.033279334313611e-08,15195.70681540975,15178.480717591961,-17.226097817789196,17.226097817789196,0.30290719532650817,0.30219214529469607,-0.0007150500318121034,0.0007150500318121034,0.25,0.2504614048420367,0.2274104803800583,0.22222800552845,1.0233205299182906,
Smooth,0.13894424083289253,2000,Canny Synchronous,0880.png,1356,2040,2000,18416,0.0066574122274278445,True,False,0.49234361424847956,0.0011154732296064936,77.65621208815232,0.9999985307503216,9257,0.334641968881948,1,0.10300639999331906,0.05939860001672059,0.00018026876433956023,5.300948205987118e-08,15195.70681540975,15186.12531023621,-9.58150517354079,9.58150517354079,0.30290719532650817,0.302924547400081,1.735207357284052e-05,1.735207357284052e-05,0.25,0.0,0.5923768281936646,0.22222800552845,2.6656263542707603,BIT_ERRORS
Smooth,0.13894424083289253,5000,GuardianPixel,0880.png,1356,2040,5000,40856,0.01476950662270808,True,True,0.0,0.0024608614340524805,74.21993200688317,0.9999930215257323,20409,0.7377884782231477,1,10.85922769998433,8.362216300040018,0.0004444058842809476,1.84081649143139e-07,15195.70681540975,15204.892593090335,9.185777680584579,9.185777680584579,0.30290719532650817,0.3028551391057898,-5.205622071835503e-05,5.205622071835503e-05,0.25,0.04052133862511637,0.7956644296646118,0.22222800552845,3.5803967541019466,
Smooth,0.13894424083289253,5000,Sequential Replacement,0880.png,1356,2040,5000,40856,0.01476950662270808,True,True,0.0,0.0024574874197466597,74.22589057577812,0.9999633073590043,20394,0.7372462259239979,1,0.0018786999862641096,0.00010449998080730438,0.0007822893169067054,4.519481917953807e-06,15195.70681540975,15427.763532352832,232.05671694308148,232.05671694308148,0.30290719532650817,0.3014597431893111,-0.0014474521371970472,0.0014474521371970472,0.25,0.5026968716289104,0.013788341544568539,0.22222800552845,0.06204592221300088,
Smooth,0.13894424083289253,5000,Sequential Matching,0880.png,1356,2040,5000,40856,0.01476950662270808,True,True,0.0,0.0024574874197466597,74.22589057577812,0.9999632396236492,20394,0.7372462259239979,1,0.08447300002444535,0.004493899992667139,0.0004918830855842829,8.100285533170974e-07,15195.70681540975,15254.325552068087,58.618736658336275,58.618736658336275,0.30290719532650817,0.3011474058650009,-0.0017597894615072884,0.0017597894615072884,0.25,0.5026968716289104,0.013788341544568539,0.22222800552845,0.06204592221300088,
Smooth,0.13894424083289253,5000,Keyed Random Matching,0880.png,1356,2040,5000,40856,0.01476950662270808,True,True,0.0,0.0024770085025160506,74.19152863531382,0.9999733595357715,20556,0.7431025507548152,1,1.542350700008683,1.4045469999546185,0.00025714809030790266,9.990225800567204e-08,15195.70681540975,15209.124349428384,13.417534018633887,13.417534018633887,0.30290719532650817,0.30156457863381336,-0.001342616692694809,0.001342616692694809,0.25,0.2528215606149056,0.22236408293247223,0.22222800552845,1.0006123323822245,
Smooth,0.13894424083289253,5000,Canny Synchronous,0880.png,1356,2040,5000,40856,0.01476950662270808,True,False,0.5003671431368709,0.0024550774095282164,74.23015170722184,0.9999966069680384,20374,0.7365232228584648,1,0.15827359998365864,0.060324300022330135,0.00022750496462104787,8.00194293954046e-08,15195.70681540975,15205.970459434233,10.263644024482346,10.263644024482346,0.30290719532650817,0.30293611544912946,2.8920122621289845e-05,2.8920122621289845e-05,0.25,0.0,0.5742279291152954,0.22222800552845,2.5839584338157673,BIT_ERRORS
Mixed,0.17360229749291825,500,GuardianPixel,0881.png,2040,1260,500,6480,0.0025210084033613447,True,True,0.0,0.00042068679323581284,81.89121482591916,0.9999985907139272,3242,0.12612822906940555,1,10.490874300012365,8.496745299955364,0.00022123664280527066,7.90547889327008e-08,3968.6314326675724,3951.078397022996,-17.55303564457654,17.55303564457654,0.31572128851540615,0.3156792717086835,-4.201680672266672e-05,4.201680672266672e-05,0.25,0.08821714990746453,0.7275744676589966,0.23340104520320892,3.117271677277791,
Mixed,0.17360229749291825,500,Sequential Replacement,0881.png,2040,1260,500,6480,0.0025210084033613447,True,True,0.0,0.00041848220769789395,81.9140336272713,0.9999980109755514,3227,0.1255446623093682,1,0.0017490999889560044,1.3399985618889332e-05,0.00013720302935989336,4.437929233053598e-08,3968.6314326675724,3947.1831915531193,-21.44824111445314,21.44824111445314,0.31572128851540615,0.3153680361033302,-0.00035325241207595504,0.00035325241207595504,0.25,0.07468236752401611,0.07027997821569443,0.23340104520320892,0.30111252567230656,
Mixed,0.17360229749291825,500,Sequential Matching,0881.png,2040,1260,500,6480,0.0025210084033613447,True,True,0.0,0.00041848220769789395,81.9140336272713,0.9999980041939228,3227,0.1255446623093682,1,0.03515830001560971,0.0011249000090174377,0.00010063284573088502,2.1851351726298728e-08,3968.6314326675724,3962.0178561168655,-6.613576550706966,6.613576550706966,0.31572128851540615,0.31528400248988486,-0.0004372860255212885,0.0004372860255212885,0.25,0.07468236752401611,0.07027997821569443,0.23340104520320892,0.30111252567230656,
Mixed,0.17360229749291825,500,Keyed Random Matching,0881.png,2040,1260,500,6480,0.0025210084033613447,True,True,0.0,0.0004245772383027285,81.85123653055112,0.9999960754720526,3274,0.12737317149081856,1,1.3226895999978296,1.2999609999824315,0.00013227513227513142,2.4193325456098388e-08,3968.6314326675724,3969.348436043157,0.7170033755846816,0.7170033755846816,0.31572128851540615,0.3154365079365079,-0.00028478057889824715,0.00028478057889824715,0.25,0.2519853390348198,0.2322140336036682,0.23340104520320892,0.9949142832736364,
Mixed,0.17360229749291825,500,Canny Synchronous,0881.png,2040,1260,500,6480,0.0025210084033613447,True,False,0.47608024691358025,0.0004199087042224297,81.8992548371368,0.9999994683799919,3238,0.12597261126672893,1,0.10126699996180832,0.06096660002367571,0.00012449424214130053,3.013166574687297e-08,3968.6314326675724,3972.9510690385778,4.319636371005345,4.319636371005345,0.31572128851540615,0.3157282913165266,7.00280112042595e-06,7.00280112042595e-06,0.25,0.0,0.5744654536247253,0.23340104520320892,2.4612805530693795,BIT_ERRORS
Mixed,0.17360229749291825,2000,GuardianPixel,0881.png,2040,1260,2000,17760,0.006909430438842203,True,True,0.0,0.0011493671542691152,77.52621578826712,0.9999974650804792,8858,0.3446156240273887,1,9.679153800010681,7.868702500010841,0.00035973648718746917,2.4664001325939763e-07,3968.6314326675724,3902.4174095318585,-66.21402313571389,66.21402313571389,0.31572128851540615,0.3156784936196701,-4.279489573605355e-05,4.279489573605355e-05,0.25,0.05441408895913299,0.8122768998146057,0.23340104520320892,3.480176788014821,
Mixed,0.17360229749291825,2000,Sequential Replacement,0881.png,2040,1260,2000,17760,0.006909430438842203,True,True,0.0,0.0011654476605456997,77.46587586440394,0.9999876746874015,8987,0.34963429816370994,1,0.0019189000013284385,2.6100024115294218e-05,0.0002243489988588013,1.3977938492527927e-07,3968.6314326675724,3939.9057803080145,-28.7256523595579,28.7256523595579,0.31572128851540615,0.3147315592903828,-0.000989729225023328,0.000989729225023328,0.25,0.2887504172693891,0.050638508051633835,0.23340104520320892,0.21695921716008507,
Mixed,0.17360229749291825,2000,Sequential Matching,0881.png,2040,1260,2000,17760,0.006909430438842203,True,True,0.0,0.0011654476605456997,77.46587586440394,0.9999876309620453,8987,0.34963429816370994,1,0.0490087999496609,0.0018367000157013535,0.0001812947401182667,1.1930577008167876e-07,3968.6314326675724,3979.763905397264,11.132472729691472,11.132472729691472,0.31572128851540615,0.3144794584500467,-0.0012418300653594394,0.0012418300653594394,0.25,0.2887504172693891,0.050638508051633835,0.23340104520320892,0.21695921716008507,
Mixed,0.17360229749291825,2000,Keyed Random Matching,0881.png,2040,1260,2000,17760,0.006909430438842203,True,True,0.0,0.0011459954352111214,77.53897473137559,0.9999893419582092,8837,0.3437986305633365,1,1.3175900999922305,1.2271943999803625,0.0001846664591762621,5.8162651577771127e-08,3968.6314326675724,3970.8506948301956,2.219262162623181,2.219262162623181,0.31572128851540615,0.31478913787737317,-0.0009321506380329803,0.0009321506380329803,0.25,0.2506506733054204,0.23117348551750183,0.23340104520320892,0.9904560852168949,
Mixed,0.17360229749291825,2000,Canny Synchronous,0881.png,2040,1260,2000,17760,0.006909430438842203,True,False,0.4822635135135135,0.001152609191824878,77.51398282198222,0.9999986331930771,8888,0.3457827575474634,1,0.11954049998894334,0.05911009997362271,0.00019115053428779276,7.400140927626254e-08,3968.6314326675724,3970.6893355177117,2.0579028501392713,2.0579028501392713,0.31572128851540615,0.3157469654528478,2.5676937441654335e-05,2.5676937441654335e-05,0.25,0.0,0.5459730625152588,0.23340104520320892,2.3392057308051526,BIT_ERRORS
Mixed,0.17360229749291825,5000,GuardianPixel,0881.png,2040,1260,5000,39704,0.015446623093681918,True,True,0.0,0.0025704170557111733,74.03076766603054,0.9999954878498479,19806,0.7705415499533147,1,9.220831499958877,8.712673800007906,0.0005690424317875322,3.914055141145151e-07,3968.6314326675724,3893.6429515572386,-74.98848111033385,74.98848111033385,0.31572128851540615,0.3156325863678805,-8.870214752565442e-05,8.870214752565442e-05,0.25,0.03695849742502272,0.8260897994041443,0.23340104520320892,3.5393577551673565,
Mixed,0.17360229749291825,5000,Sequential Replacement,0881.png,2040,1260,5000,39704,0.015446623093681918,True,True,0.0,0.002556670816474738,74.05405546721792,0.999964742724344,19715,0.7670012449424214,1,0.0016174999764189124,2.6300025638192892e-05,0.0004256146903205751,5.792365822876992e-07,3968.6314326675724,3864.8654947080845,-103.76593795948793,103.76593795948793,0.31572128851540615,0.3133232181761594,-0.0023980703392467717,0.0023980703392467717,0.25,0.5481612985036775,0.03804805129766464,0.23340104520320892,0.16301577083572347,
Mixed,0.17360229749291825,5000,Sequential Matching,0881.png,2040,1260,5000,39704,0.015446623093681918,True,True,0.0,0.002556670816474738,74.05405546721792,0.9999644945549834,19715,0.7670012449424214,1,0.07766050001373515,0.004382000013720244,0.00035325241207593915,4.737326600139927e-07,3968.6314326675724,3963.2944832713238,-5.336949396248656,5.336949396248656,0.31572128851540615,0.31281590413943355,-0.0029053843759725972,0.0029053843759725972,0.25,0.5481612985036775,0.03804805129766464,0.23340104520320892,0.16301577083572347,
Mixed,0.17360229749291825,5000,Keyed Random Matching,0881.png,2040,1260,5000,39704,0.015446623093681918,True,True,0.0,0.002550705467372134,74.06420047801011,0.9999762784989631,19669,0.7652116402116402,1,1.4751435999642126,1.4536013000179082,0.0002972300031123564,1.2826899852481792e-07,3968.6314326675724,3941.570091767201,-27.061340900371306,27.061340900371306,0.31572128851540615,0.31347805788982264,-0.0022432306255835144,0.0022432306255835144,0.25,0.25186842239056384,0.22954587638378143,0.23340104520320892,0.9834826411506812,
Mixed,0.17360229749291825,5000,Canny Synchronous,0881.png,2040,1260,5000,39704,0.015446623093681918,True,False,0.47685371750957084,0.002570806100217865,74.03011039099046,0.9999971519546015,19824,0.7712418300653594,1,0.14306009997380897,0.06658440001774579,0.0002933395580454401,1.4796761093431983e-07,3968.6314326675724,3968.95947920831,0.3280465407374322,0.3280465407374322,0.31572128851540615,0.3157267351384998,5.446623093652292e-06,5.446623093652292e-06,0.25,0.0,0.5026402473449707,0.23340104520320892,2.153547542631399,BIT_ERRORS
Textured,0.28426413947911,500,GuardianPixel,0885.png,2040,1356,500,6608,0.0023888021285210248,True,True,0.0,0.0004023512059691133,82.08475053490146,0.9999994981035235,3338,0.12066921163745735,1,10.262925199989695,9.42853129998548,0.00019183681338809012,2.225054720952344e-07,12957.241725702514,12945.806551956422,-11.435173746091095,11.435173746091095,0.06675776505292383,0.06676499508357917,7.230030655336339e-06,7.230030655336339e-06,0.25,0.08418214499700419,0.7623262405395508,0.3671196401119232,2.07650628636251,
Textured,0.28426413947911,500,Sequential Replacement,0885.png,2040,1356,500,6608,0.0023888021285210248,True,True,0.0,0.000393434168160873,82.18208286933424,0.9999996839833981,3265,0.11803025044826189,1,0.0020620000432245433,2.2199994418770075e-05,0.00011302947924499356,1.77352133872272e-08,12957.241725702514,12951.101051420292,-6.14067428222188,6.14067428222188,0.06675776505292383,0.06675631904679276,-1.4460061310700434e-06,1.4460061310700434e-06,0.25,0.19693721286370597,0.40109437704086304,0.3671196401119232,1.09254404618228,
Textured,0.28426413947911,500,Sequential Matching,0885.png,2040,1356,500,6608,0.0023888021285210248,True,True,0.0,0.000393434168160873,82.18208286933424,0.9999996843492077,3265,0.11803025044826189,1,0.03980319999391213,0.0007180999964475632,0.00011061946902654917,1.845487093496572e-08,12957.241725702514,12964.794359763615,7.552634061101344,7.552634061101344,0.06675776505292383,0.06672306090577823,-3.4704147145597775e-05,3.4704147145597775e-05,0.25,0.19693721286370597,0.40109437704086304,0.3671196401119232,1.09254404618228,
Textured,0.28426413947911,500,Keyed Random Matching,0885.png,2040,1356,500,6608,0.0023888021285210248,True,True,0.0,0.0004024717064800355,82.08345005732951,0.9999988435291957,3340,0.12074151194401063,1,1.3499015000415966,1.2678591000149027,0.00010146143019646558,1.7973732430295387e-08,12957.241725702514,12960.080823934499,2.83909823198519,2.83909823198519,0.06675776505292383,0.06675921105905488,1.4460061310561656e-06,1.4460061310561656e-06,0.25,0.23982035928143713,0.37004467844963074,0.3671196401119232,1.0079675343351715,
Textured,0.28426413947911,500,Canny Synchronous,0885.png,2040,1356,500,6608,0.0023888021285210248,True,False,0.4804782082324455,0.0003957236778683942,82.15688324097114,0.9999995878120672,3284,0.11871710336051826,1,0.11220859998138621,0.0797335000243038,0.00010435344245859511,1.6635497844033702e-08,12957.241725702514,12971.473651471575,14.23192576906149,14.23192576906149,0.06675776505292383,0.06676788709584128,1.012204291744867e-05,1.012204291744867e-05,0.25,0.04628501827040195,0.4412437975406647,0.3671196401119232,1.2019073602440429,BIT_ERRORS
Textured,0.28426413947911,2000,GuardianPixel,0885.png,2040,1356,2000,18120,0.0065504077737289605,True,True,0.0,0.0010871556095397846,77.76788649782824,0.9999987688631787,9019,0.3260382324021054,1,10.445822199981194,9.470741599972825,0.00033017139992673976,2.3696835899484635e-07,12957.241725702514,12940.280809742131,-16.96091596038241,16.96091596038241,0.06675776505292383,0.06674330499161316,-1.4460061310672678e-05,1.4460061310672678e-05,0.25,0.054773256458587424,0.816795825958252,0.3671196401119232,2.2248764073456724,
Textured,0.28426413947911,2000,Sequential Replacement,0885.png,2040,1356,2000,18120,0.0065504077737289605,True,True,0.0,0.0010841430967667303,77.77993752065326,0.999998287478868,8997,0.32524292903001906,1,0.0018546999781392515,2.269999822601676e-05,0.00016363969383230352,4.2555836463428105e-08,12957.241725702514,12935.0354261922,-22.20629951031333,22.20629951031333,0.06675776505292383,0.06676933310197236,1.1568049048532592e-05,1.1568049048532592e-05,0.25,0.18061576080915862,0.39514365792274475,0.3671196401119232,1.0763348367912922,
Textured,0.28426413947911,2000,Sequential Matching,0885.png,2040,1356,2000,18120,0.0065504077737289605,True,True,0.0,0.0010841430967667303,77.77993752065326,0.9999982944722955,8997,0.32524292903001906,1,0.05005620000883937,0.002418600022792816,0.00013881658858233686,3.430899852800615e-08,12957.241725702514,12973.95442722218,16.712701519665643,16.712701519665643,0.06675776505292383,0.066783793163283,2.6028110359177514e-05,2.6028110359177514e-05,0.25,0.18061576080915862,0.39514365792274475,0.3671196401119232,1.0763348367912922,
Textured,0.28426413947911,2000,Keyed Random Matching,0885.png,2040,1356,2000,18120,0.0065504077737289605,True,True,0.0,0.001091132126400216,77.7520301789444,0.9999967180841356,9055,0.3273396379200648,1,1.3442136999801733,1.2637531000073068,0.0001484566294561101,5.6864986178862755e-08,12957.241725702514,12953.991231364367,-3.250494338146382,3.250494338146382,0.06675776505292383,0.06675631904679276,-1.4460061310700434e-06,1.4460061310700434e-06,0.25,0.2522363335173937,0.3672187328338623,0.3671196401119232,1.000269919424384,
Textured,0.28426413947911,2000,Canny Synchronous,0885.png,2040,1356,2000,18120,0.0065504077737289605,True,False,0.49850993377483444,0.0010735390518055797,77.82262513609203,0.9999986292951183,8909,0.3220617155416739,1,0.1263658000389114,0.08136680000461638,0.00014074459675708954,3.364691574701886e-08,12957.241725702514,12970.397914445273,13.156188742759696,13.156188742759696,0.06675776505292383,0.06678668517554515,2.89201226213176e-05,2.89201226213176e-05,0.25,0.051184195757099565,0.41969728469848633,0.3671196401119232,1.1432166488573965,BIT_ERRORS
Textured,0.28426413947911,5000,GuardianPixel,0885.png,2040,1356,5000,40464,0.014627798021863612,True,True,0.0,0.0024398943451520235,74.25709340394319,0.9999972241978116,20231,0.731353750939904,1,10.527813100023195,8.54132809996372,0.000494293095802726,3.5091425776582726e-07,12957.241725702514,12909.97502189741,-47.266703805104044,47.266703805104044,0.06675776505292383,0.06668691075250159,-7.085430042223784e-05,7.085430042223784e-05,0.25,0.04270673718550739,0.8154233694076538,0.3671196401119232,2.2211379624338727,
Textured,0.28426413947911,5000,Sequential Replacement,0885.png,2040,1356,5000,40464,0.014627798021863612,True,True,0.0,0.002438086837488191,74.26031191016916,0.9999949524198161,20233,0.7314260512464573,1,0.002245499985292554,2.8100039344280958e-05,0.0003067943008078293,1.1234548269755951e-07,12957.241725702514,12864.864123367523,-92.37760233499102,92.37760233499102,0.06675776505292383,0.0667461970038753,-1.1568049048532592e-05,1.1568049048532592e-05,0.25,0.18113972223595118,0.3796951174736023,0.3671196401119232,1.034254439119207,
Textured,0.28426413947911,5000,Sequential Matching,0885.png,2040,1356,5000,40464,0.014627798021863612,True,True,0.0,0.002438086837488191,74.26031191016916,0.9999949493227488,20233,0.7314260512464573,1,0.08705909998388961,0.0044438999611884356,0.00025497908111130155,9.259152893880005e-08,12957.241725702514,12948.806944067259,-8.434781635254694,8.434781635254694,0.06675776505292383,0.06680548325524902,4.771820232518653e-05,4.771820232518653e-05,0.25,0.18113972223595118,0.3796951174736023,0.3671196401119232,1.034254439119207,
Textured,0.28426413947911,5000,Keyed Random Matching,0885.png,2040,1356,5000,40464,0.014627798021863612,True,True,0.0,0.002433507818073149,74.2684761503851,0.999992678376676,20195,0.7300523454219445,1,1.5883979000500403,1.6147120000096038,0.00023160198199240255,9.206042623939021e-08,12957.241725702514,12956.195117138885,-1.046608563628979,1.046608563628979,0.06675776505292383,0.0668184973104286,6.073225750477529e-05,6.073225750477529e-05,0.25,0.2541223075018569,0.3666568696498871,0.3671196401119232,0.998739455993433,
Textured,0.28426413947911,5000,Canny Synchronous,0885.png,2040,1356,5000,40464,0.014627798021863612,True,False,0.4932532621589561,0.0024324233134748493,74.27041203627293,0.9999965029877353,20186,0.7297269940424548,1,0.16664299997501075,0.09828889998607337,0.00020750187980796782,7.608625089347128e-08,12957.241725702514,12936.633882244376,-20.607843458137722,20.607843458137722,0.06675776505292383,0.06677945514488981,2.1690091965981262e-05,2.1690091965981262e-05,0.25,0.06296443079361934,0.39959752559661865,0.3671196401119232,1.0884667610667573,BIT_ERRORS
Textured,0.24176726603954857,500,GuardianPixel,0888.png,2040,1356,500,6792,0.0024553184105500607,True,True,0.0,0.00041150924479919795,81.98700764526964,0.9999988399381786,3412,0.12334432297992942,1,13.892254900012631,9.76001270004781,0.00022533595542445552,2.8783123949113464e-08,16733.441812617766,16720.820747766873,-12.621064850893163,12.621064850893163,0.18148316848863438,0.18148895251315866,5.7840245242801736e-06,5.7840245242801736e-06,0.25,0.09525205158264947,0.7278720736503601,0.32195648550987244,2.260777795787067,
Textured,0.24176726603954857,500,Sequential Replacement,0888.png,2040,1356,500,6792,0.0024553184105500607,True,True,0.0,0.0004074122274278443,82.03046301778747,0.9999992604479515,3381,0.12222366822835329,1,0.0018005000310949981,0.0006202000076882541,0.00011254747720130312,2.693379704504607e-08,16733.441812617766,16733.188383066084,-0.25342955168162007,0.25342955168162007,0.18148316848863438,0.18146075539360287,-2.2413095031509345e-05,2.2413095031509345e-05,0.25,0.24371487725524993,0.358845591545105,0.32195648550987244,1.1145779249540895,
Textured,0.24176726603954857,500,Sequential Matching,0888.png,2040,1356,500,6792,0.0024553184105500607,True,True,0.0,0.0004074122274278443,82.03046301778747,0.9999992620178301,3381,0.12222366822835329,1,0.03656719997525215,0.000741700001526624,0.00012025950990032307,2.913765922351844e-08,16733.441812617766,16731.931111075763,-1.5107015420035168,1.5107015420035168,0.18148316848863438,0.18146075539360287,-2.2413095031509345e-05,2.2413095031509345e-05,0.25,0.24371487725524993,0.358845591545105,0.32195648550987244,1.1145779249540895,
Textured,0.24176726603954857,500,Keyed Random Matching,0888.png,2040,1356,500,6792,0.0024553184105500607,True,True,0.0,0.00040644822334046695,82.04075131355313,0.9999971299844007,3373,0.12193446700214008,1,1.345711299974937,1.2735406999709085,0.00012339252318429564,2.2018014921931905e-08,16733.441812617766,16710.266851597888,-23.174961019878538,23.174961019878538,0.18148316848863438,0.18142315923419516,-6.000925443921945e-05,6.000925443921945e-05,0.25,0.253780017788319,0.32495254278182983,0.32195648550987244,1.0093057832558106,
Textured,0.24176726603954857,500,Canny Synchronous,0888.png,2040,1356,500,6792,0.0024553184105500607,True,False,0.4704063604240283,0.0004066892243623113,82.03817695377472,0.9999995732766415,3375,0.12200676730869339,1,0.12216069997521117,0.05537379998713732,0.0001231515221624544,3.3721262246520885e-08,16733.441812617766,16733.17067518695,-0.27113743081645225,0.27113743081645225,0.18148316848863438,0.18148244548556886,-7.230030655280828e-07,7.230030655280828e-07,0.25,0.0,0.6443227529525757,0.32195648550987244,2.0012727867002953,BIT_ERRORS
Textured,0.24176726603954857,2000,GuardianPixel,0888.png,2040,1356,2000,18552,0.006706576435884088,True,True,0.0,0.0011155937301174158,77.65574296097724,0.9999976376619008,9254,0.3345335184221181,1,11.108002099965233,9.448664699972142,0.00037716659918638385,8.521000151536565e-08,16733.441812617766,16750.984011599925,17.54219898215888,17.54219898215888,0.18148316848863438,0.1814679854242582,-1.5183064376173006e-05,1.5183064376173006e-05,0.25,0.0644045818024638,0.7830097675323486,0.32195648550987244,2.432036013476543,
Textured,0.24176726603954857,2000,Sequential Replacement,0888.png,2040,1356,2000,18552,0.006706576435884088,True,True,0.0,0.0011240287658819674,77.62302935129577,0.9999953285408504,9328,0.3372086297645902,1,0.002328899980057031,2.039998071268201e-05,0.00021834692579096476,8.938351118776541e-08,16733.441812617766,16729.783523567072,-3.658289050694293,3.658289050694293,0.18148316848863438,0.18141737520967088,-6.579327896349962e-05,6.579327896349962e-05,0.25,0.2428173241852487,0.34331825375556946,0.32195648550987244,1.0663498615717184,
Textured,0.24176726603954857,2000,Sequential Matching,0888.png,2040,1356,2000,18552,0.006706576435884088,True,True,0.0,0.0011240287658819674,77.62302935129577,0.9999953238580698,9328,0.3372086297645902,1,0.05092760000843555,0.0018968000076711178,0.00022099793703125197,1.0829662276587106e-07,16733.441812617766,16719.646397156106,-13.795415461660014,13.795415461660014,0.18148316848863438,0.18139207010237723,-9.109838625714906e-05,9.109838625714906e-05,0.25,0.2428173241852487,0.34331825375556946,0.32195648550987244,1.0663498615717184,
Textured,0.24176726603954857,2000,Keyed Random Matching,0888.png,2040,1356,2000,18552,0.006706576435884088,True,True,0.0,0.001125113270480267,77.61884113737662,0.9999920555032579,9337,0.33753398114408006,1,1.3824432999826968,1.5501063999836333,0.00021473191046330023,7.263770391252373e-08,16733.441812617766,16691.13973832979,-42.30207428797439,42.30207428797439,0.18148316848863438,0.18119758227774885,-0.0002855862108855356,0.0002855862108855356,0.25,0.25918389204241193,0.31966081261634827,0.32195648550987244,0.9928696174891816,
Textured,0.24176726603954857,2000,Canny Synchronous,0888.png,2040,1356,2000,18552,0.006706576435884088,True,False,0.4886265631737818,0.0011037846800470434,77.70195998876666,0.9999987636443578,9160,0.331135404014113,1,0.11201039998559281,0.05638419999741018,0.000197620837912355,7.579956032297619e-08,16733.441812617766,16721.32714993062,-12.114662687145028,12.114662687145028,0.18148316848863438,0.18148461449476547,1.4460061310839212e-06,1.4460061310839212e-06,0.25,0.0,0.6664424538612366,0.32195648550987244,2.0699767945528804,BIT_ERRORS
Textured,0.24176726603954857,5000,GuardianPixel,0888.png,2040,1356,5000,41520,0.015009543640465035,True,True,0.0,0.0024891790541191894,74.17024223030299,0.9999953771565954,20641,0.7461753137833305,1,10.004726400016807,8.433294599992223,0.0005661114003123407,1.8495365121350636e-07,16733.441812617766,16720.366160268466,-13.075652349300071,13.075652349300071,0.18148316848863438,0.18139207010237723,-9.109838625714906e-05,9.109838625714906e-05,0.25,0.04805968703066712,0.7941986918449402,0.32195648550987244,2.4667889220718524,
Textured,0.24176726603954857,5000,Sequential Replacement,0888.png,2040,1356,5000,41520,0.015009543640465035,True,True,0.0,0.002500988104189562,74.14968734829978,0.9999864345947577,20755,0.7502964312568685,1,0.001729500014334917,2.6999972760677338e-05,0.00032173636416218504,2.6039767766949396e-07,16733.441812617766,16675.217979005454,-58.223833612311864,58.223833612311864,0.18148316848863438,0.18113901902944068,-0.0003441494591936989,0.0003441494591936989,0.25,0.2569501324981932,0.3445715010166168,0.32195648550987244,1.0702424598495963,
Textured,0.24176726603954857,5000,Sequential Matching,0888.png,2040,1356,5000,41520,0.015009543640465035,True,True,0.0,0.002500988104189562,74.14968734829978,0.9999864374828661,20755,0.7502964312568685,1,0.08275389997288585,0.004602100001648068,0.0003306534019704253,3.794463071737664e-07,16733.441812617766,16653.77055126728,-79.67126135048602,79.67126135048602,0.18148316848863438,0.1810450286309214,-0.000438139857712988,0.000438139857712988,0.25,0.2569501324981932,0.3445715010166168,0.32195648550987244,1.0702424598495963,
Textured,0.24176726603954857,5000,Keyed Random Matching,0888.png,2040,1356,5000,41520,0.015009543640465035,True,True,0.0,0.002505687624115526,74.1415343290846,0.9999824533956984,20794,0.7517062872346578,1,1.6239481000229716,1.9412494000280276,0.00030727630285152613,1.91886356986575e-07,16733.441812617766,16658.458713594737,-74.98309902302935,74.98309902302935,0.18148316848863438,0.1809814043611545,-0.0005017641274798756,0.0005017641274798756,0.25,0.251178224487833,0.3233684301376343,0.32195648550987244,1.004385513854538,
Textured,0.24176726603954857,5000,Canny Synchronous,0888.png,2040,1356,5000,41520,0.015009543640465035,True,False,0.498747591522158,0.0024925530684250102,74.16435947312985,0.9999971403492269,20685,0.7477659205275031,1,0.15429919998859987,0.06294460000935942,0.00031113231920103636,1.4060908971500758e-07,16733.441812617766,16728.33106915323,-5.1107434645346075,5.1107434645346075,0.18148316848863438,0.1814940135346174,1.0845045983004509e-05,1.0845045983004509e-05,0.25,0.0,0.660539984703064,0.32195648550987244,2.051643667488131,BIT_ERRORS
Textured,0.2778953907773019,500,GuardianPixel,0889.png,2040,1356,500,6616,0.002391694140783157,True,True,0.0,0.0004023512059691133,82.08475053490146,0.9999991795888162,3338,0.12066921163745735,1,10.562067700026091,9.820565599948168,0.00024365203308462303,2.5424471054472498e-08,129405.61394249258,129233.32167985917,-172.29226263340388,172.29226263340388,0.14459772109433744,0.1445904910636821,-7.230030655336339e-06,7.230030655336339e-06,0.25,0.0817855002995806,0.7457941770553589,0.36364588141441345,2.0508803073874127,
Textured,0.2778953907773019,500,Sequential Replacement,0889.png,2040,1356,500,6616,0.002391694140783157,True,True,0.0,0.000403556211078335,82.0717632500465,0.9999990254673942,3349,0.12106686332350049,1,0.0033154000411741436,4.929996794089675e-05,0.0004301868239921369,2.6715457956667237e-06,129405.61394249258,126085.85565195997,-3319.7582905326126,3319.7582905326126,0.14459772109433744,0.1445702469778472,-2.747411649023368e-05,2.747411649023368e-05,0.25,0.5413556285458346,0.23305022716522217,0.36364588141441345,0.6408713506083586,
Textured,0.2778953907773019,500,Sequential Matching,0889.png,2040,1356,500,6616,0.002391694140783157,True,True,0.0,0.000403556211078335,82.0717632500465,0.9999990336356045,3349,0.12106686332350049,1,0.03535369999008253,0.0007855999865569174,0.0004333198372761093,2.751718243449461e-06,129405.61394249258,126031.22385209287,-3374.390090399713,3374.390090399713,0.14459772109433744,0.14455940193186417,-3.8319162473265944e-05,3.8319162473265944e-05,0.25,0.5413556285458346,0.23305022716522217,0.36364588141441345,0.6408713506083586,
Textured,0.2778953907773019,500,Keyed Random Matching,0889.png,2040,1356,500,6616,0.002391694140783157,True,True,0.0,0.0004001821967725143,82.1082259694613,0.99999819019247,3321,0.12005465903175429,1,1.3918032000074163,1.2479028000379913,0.0001621936877012363,4.8338457060508264e-08,129405.61394249258,129065.52285905968,-340.091083432897,340.091083432897,0.14459772109433744,0.14454494187055353,-5.277922378391087e-05,5.277922378391087e-05,0.25,0.2490213791026799,0.3663002848625183,0.36364588141441345,1.007299418428116,
Textured,0.2778953907773019,500,Canny Synchronous,0889.png,2040,1356,500,6616,0.002391694140783157,True,False,0.4900241837968561,0.0003958441783793163,82.15556098648717,0.9999994056022564,3285,0.1187532535137949,1,0.16354969999520108,0.058251500013284385,0.00010772745676441552,2.1220309459739798e-08,129405.61394249258,129400.1597154549,-5.454227037684177,5.454227037684177,0.14459772109433744,0.14462374920469662,2.6028110359177514e-05,2.6028110359177514e-05,0.25,0.00578386605783866,0.4745429456233978,0.36364588141441345,1.3049589446129468,BIT_ERRORS
Textured,0.2778953907773019,2000,GuardianPixel,0889.png,2040,1356,2000,18296,0.006614032043495865,True,True,0.0,0.0011076406963965526,77.68681456864287,0.999998232380757,9188,0.3321476083058592,1,10.61506639997242,9.333141900016926,0.00039668768195577284,6.786016859060414e-08,129405.61394249258,129112.04547272624,-293.56846976633824,293.56846976633824,0.14459772109433744,0.14457603100237146,-2.1690091965981262e-05,2.1690091965981262e-05,0.25,0.05713974749673487,0.7990754246711731,0.36364588141441345,2.1973999033431677,
Textured,0.2778953907773019,2000,Sequential Replacement,0889.png,2040,1356,2000,18296,0.006614032043495865,True,True,0.0,0.0011165577342047931,77.65199176677379,0.9999952775164923,9266,0.3349673202614379,1,0.0017377999611198902,1.7900019884109497e-05,0.0010242543428384153,1.723260180693066e-05,129405.61394249258,120918.4370398409,-8487.176902651685,8487.176902651685,0.14459772109433744,0.1443866041992018,-0.00021111689513564347,0.00021111689513564347,0.25,0.48661774228361754,0.22750338912010193,0.36364588141441345,0.6256179452252271,
Textured,0.2778953907773019,2000,Sequential Matching,0889.png,2040,1356,2000,18296,0.006614032043495865,True,True,0.0,0.0011165577342047931,77.65199176677379,0.9999954172716262,9266,0.3349673202614379,1,0.0474825999699533,0.001979699998628348,0.0010604044961150644,1.7768866172034366e-05,129405.61394249258,120777.05690487794,-8628.557037614635,8628.557037614635,0.14459772109433744,0.1443844351900052,-0.00021328590433222772,0.00021328590433222772,0.25,0.48661774228361754,0.22750338912010193,0.36364588141441345,0.6256179452252271,
Textured,0.2778953907773019,2000,Keyed Random Matching,0889.png,2040,1356,2000,18296,0.006614032043495865,True,True,0.0,0.0011017361713613666,77.7100275277662,0.9999950333169637,9143,0.33052085140841,1,1.5514855000074022,1.4381381000275724,0.00029643125686853333,2.384489631255781e-07,129405.61394249258,128543.14470011542,-862.469242377163,862.469242377163,0.14459772109433744,0.14445673549655852,-0.00014098559777891984,0.00014098559777891984,0.25,0.24433993218855957,0.3653627336025238,0.36364588141441345,1.0047212199446136,
Textured,0.2778953907773019,2000,Canny Synchronous,0889.png,2040,1356,2000,18296,0.006614032043495865,True,False,0.499836029733275,0.001104266682090732,77.70006392027156,0.9999983910401827,9164,0.3312800046272196,1,0.18717930000275373,0.09930930001428351,0.00018894480112595556,5.3406665526359553e-08,129405.61394249258,129355.31149885542,-50.30244363716338,50.30244363716338,0.14459772109433744,0.1446533923303835,5.5671236046050954e-05,5.5671236046050954e-05,0.25,0.004364906154517678,0.5074620246887207,0.36364588141441345,1.3954840426486594,BIT_ERRORS
Textured,0.2778953907773019,5000,GuardianPixel,0889.png,2040,1356,5000,41064,0.014844698941523512,True,True,0.0,0.002491709564848555,74.16582941554329,0.9999962957674345,20663,0.7469706171554167,1,10.397510899987537,8.744681100011803,0.0006350376925598216,1.690332671911594e-07,129405.61394249258,128910.18214257115,-495.4317999214254,495.4317999214254,0.14459772109433744,0.144533373821505,-6.434727283244346e-05,6.434727283244346e-05,0.25,0.04297536659729952,0.8010379672050476,0.36364588141441345,2.2027967540547477,
Textured,0.2778953907773019,5000,Sequential Replacement,0889.png,2040,1356,5000,41064,0.014844698941523512,True,True,0.0,0.002458571924344959,74.22397442978674,0.9999873177482246,20403,0.7375715773034878,1,0.001643700001295656,2.6699970476329327e-05,0.0021461140995237857,7.61705460729564e-05,129405.61394249258,111419.47946814093,-17986.134474351653,17986.134474351653,0.14459772109433744,0.1441321071201342,-0.00046561397420324946,0.00046561397420324946,0.25,0.4735578101259619,0.2285108119249344,0.36364588141441345,0.6283882854279376,
Textured,0.2778953907773019,5000,Sequential Matching,0889.png,2040,1356,5000,41064,0.014844698941523512,True,True,0.0,0.002458571924344959,74.22397442978674,0.9999878249092818,20403,0.7375715773034878,1,0.06631779996678233,0.0046316999942064285,0.0022299824551256105,7.878541304043219e-05,129405.61394249258,111096.90122262006,-18308.71271987252,18308.71271987252,0.14459772109433744,0.14411041702816818,-0.0004873040661692585,0.0004873040661692585,0.25,0.4735578101259619,0.2285108119249344,0.36364588141441345,0.6283882854279376,
Textured,0.2778953907773019,5000,Keyed Random Matching,0889.png,2040,1356,5000,41064,0.014844698941523512,True,True,0.0,0.0024745984922976074,74.1957561688113,0.9999887874979372,20536,0.7423795476892822,1,1.8026909999898635,1.4981071000220254,0.0005246592245551125,1.1906774966745842e-06,129405.61394249258,127287.08334007414,-2118.5306024184392,2118.5306024184392,0.14459772109433744,0.14433671698768002,-0.00026100410665741425,0.00026100410665741425,0.25,0.2477600311647838,0.3660309910774231,0.36364588141441345,1.0065588799018779,
Textured,0.2778953907773019,5000,Canny Synchronous,0889.png,2040,1356,5000,41064,0.014844698941523512,True,False,0.49157412819014223,0.002480021015289105,74.1862499988628,0.9999967692270251,20581,0.7440063045867314,1,0.1694675000035204,0.07086679997155443,0.00024726704841228456,9.779497187466027e-08,129405.61394249258,129286.32920364314,-119.28473884944106,119.28473884944106,0.14459772109433744,0.1446476083058592,4.988721152177078e-05,4.988721152177078e-05,0.25,0.002137894174238375,0.5351429581642151,0.36364588141441345,1.4716046173347481,BIT_ERRORS
Smooth,0.15066526331755117,500,GuardianPixel,0894.png,1356,2040,500,6536,0.002362774018161837,True,True,0.0,0.00039271116509534003,82.1900711207937,0.9999985726739355,3259,0.117813349528602,1,10.141763899999205,8.92393390001962,0.0002159369155725217,4.458612545298819e-08,10528.784744973269,10493.789769068686,-34.99497590458304,34.99497590458304,0.33624558968130025,0.3361913644513853,-5.422522991493928e-05,5.422522991493928e-05,0.25,0.08560908254065665,0.6984303593635559,0.20383097231388092,3.426517331664579,
Smooth,0.15066526331755117,500,Sequential Replacement,0894.png,1356,2040,500,6536,0.002362774018161837,True,True,0.0,0.0003957236778683942,82.15688324097114,0.9999972622341634,3284,0.11871710336051826,1,0.001749299990478903,1.1899974197149277e-05,0.00023473499527637957,1.29159463761354e-06,10528.784744973269,10401.38137152963,-127.4033734436398,127.4033734436398,0.33624558968130025,0.3358855341546648,-0.0003600555266354277,0.0003600555266354277,0.25,1.0,0.029771313071250916,0.20383097231388092,0.14605882871130024,
Smooth,0.15066526331755117,500,Sequential Matching,0894.png,1356,2040,500,6536,0.002362774018161837,True,True,0.0,0.0003957236778683942,82.15688324097114,0.9999972228849382,3284,0.11871710336051826,1,0.03807309997500852,0.0010218999814242125,0.00014845662945610883,6.098802560234594e-07,10528.784744973269,10423.05365334223,-105.73109163103982,105.73109163103982,0.33624558968130025,0.3357741916825727,-0.00047139799872752963,0.00047139799872752963,0.25,1.0,0.029771313071250916,0.20383097231388092,0.14605882871130024,
Smooth,0.15066526331755117,500,Keyed Random Matching,0894.png,1356,2040,500,6536,0.002362774018161837,True,True,0.0,0.0003966876819557715,82.14631646004284,0.9999961589692662,3292,0.11900630458673143,1,1.4731257000239566,1.3533687999588437,0.0001111014710702366,1.7926268037512668e-08,10528.784744973269,10526.748578967005,-2.036166006264466,2.036166006264466,0.33624558968130025,0.3358942101914512,-0.0003513794898490352,0.0003513794898490352,0.25,0.24605103280680438,0.20275042951107025,0.20383097231388092,0.9946988291791753,
Smooth,0.15066526331755117,500,Canny Synchronous,0894.png,1356,2040,500,6536,0.002362774018161837,True,False,0.4793451652386781,0.0004019897044363468,82.08865430578814,0.9999991652264194,3336,0.12059691133090404,1,0.09479060000739992,0.05906429997412488,9.158038830084528e-05,1.625587947652071e-08,10528.784744973269,10520.288630752611,-8.496114220657546,8.496114220657546,0.33624558968130025,0.3362340216322517,-1.1568049048560347e-05,1.1568049048560347e-05,0.25,0.0,0.41820067167282104,0.20383097231388092,2.051703266316321,BIT_ERRORS
Smooth,0.15066526331755117,2000,GuardianPixel,0894.png,1356,2040,2000,17928,0.006480999479437793,True,True,0.0,0.0010870351090288622,77.76836789724337,0.9999973455058716,9016,0.32592978194227545,1,11.102425699995365,9.677426100010052,0.0003578865174388357,1.4264694110044166e-07,10528.784744973269,10453.838878182698,-74.94586679057102,74.94586679057102,0.33624558968130025,0.3362202845740066,-2.530510729364943e-05,2.530510729364943e-05,0.25,0.048580301685891746,0.7924273014068604,0.20383097231388092,3.8876687502947065,
Smooth,0.15066526331755117,2000,Sequential Replacement,0894.png,1356,2040,2000,17928,0.006480999479437793,True,True,0.0,0.0010820945880810535,77.78815135877211,0.9999863630133251,8980,0.324628376424316,1,0.0015673000016249716,1.5700003132224083e-05,0.0007996413904794958,1.3901936527278914e-05,10528.784744973269,10339.196572313364,-189.58817265990547,189.58817265990547,0.33624558968130025,0.3349759962982243,-0.0012695933830759731,0.0012695933830759731,0.25,1.0,0.04279904440045357,0.20383097231388092,0.20997321415190515,
Smooth,0.15066526331755117,2000,Sequential Matching,0894.png,1356,2040,2000,17928,0.006480999479437793,True,True,0.0,0.0010820945880810535,77.78815135877211,0.9999861055726401,8980,0.324628376424316,1,0.04987529997015372,0.0019621000392362475,0.00033667842751653273,2.9478379216710074e-06,10528.784744973269,10350.276412793575,-178.50833217969375,178.50833217969375,0.33624558968130025,0.33480247556249637,-0.0014431141188038787,0.0014431141188038787,0.25,1.0,0.04279904440045357,0.20383097231388092,0.20997321415190515,
Smooth,0.15066526331755117,2000,Keyed Random Matching,0894.png,1356,2040,2000,17928,0.006480999479437793,True,True,0.0,0.0010883606146490062,77.76307543627604,0.9999894934142656,9032,0.3265081843947018,1,1.4784037999925204,1.3566599999903701,0.00019352382054100103,5.002612246073403e-08,10528.784744973269,10504.73306792381,-24.051677049459613,24.051677049459613,0.33624558968130025,0.33542859621724797,-0.0008169934640522847,0.0008169934640522847,0.25,0.24490699734278124,0.20547828078269958,0.20383097231388092,1.0080817377757585,
Smooth,0.15066526331755117,2000,Canny Synchronous,0894.png,1356,2040,2000,17928,0.006480999479437793,True,False,0.49425479696564034,0.001090409123334683,77.75490884331339,0.9999979146136826,9049,0.3271227370004049,1,0.10675069998251274,0.06163020001258701,0.00017255673164054256,5.20955799286127e-08,10528.784744973269,10524.442271378864,-4.34247359440451,4.34247359440451,0.33624558968130025,0.3362166695586789,-2.8920122621345357e-05,2.8920122621345357e-05,0.25,0.0,0.42154622077941895,0.20383097231388092,2.0681166164005567,BIT_ERRORS
Smooth,0.15066526331755117,5000,GuardianPixel,0894.png,1356,2040,5000,40088,0.014491873445543408,True,True,0.0,0.0024160352439894345,74.29977095588315,0.9999948264661134,20038,0.7243767713575106,1,10.274478900013492,9.217306800012011,0.0005612913798754588,3.899441304094843e-07,10528.784744973269,10345.354054387666,-183.43069058560286,183.43069058560286,0.33624558968130025,0.3361631673318295,-8.242234947075655e-05,8.242234947075655e-05,0.25,0.03707954885717137,0.7943326830863953,0.20383097231388092,3.897016601889119,
Smooth,0.15066526331755117,5000,Sequential Replacement,0894.png,1356,2040,5000,40088,0.014491873445543408,True,True,0.0,0.0024067567046484276,74.31648170538487,0.9999644655051503,19973,0.7220270113945283,1,0.001665899995714426,2.529995981603861e-05,0.0014486571423062828,3.331958222436064e-05,10528.784744973269,10242.239275118554,-286.5454698547146,286.5454698547146,0.33624558968130025,0.3335140840997166,-0.0027315055815836375,0.0027315055815836375,0.25,1.0,0.04389562830328941,0.20383097231388092,0.21535308302260459,
Smooth,0.15066526331755117,5000,Sequential Matching,0894.png,1356,2040,5000,40088,0.014491873445543408,True,True,0.0,0.0024067567046484276,74.31648170538487,0.999963782160758,19973,0.7220270113945283,1,0.110189100028947,0.005135800049174577,0.0005244182235332682,4.544832266812642e-06,10528.784744973269,10382.073654417944,-146.71109055532543,146.71109055532543,0.33624558968130025,0.3330730522297415,-0.0031725374515587657,0.0031725374515587657,0.25,1.0,0.04389562830328941,0.20383097231388092,0.21535308302260459,
Smooth,0.15066526331755117,5000,Keyed Random Matching,0894.png,1356,2040,5000,40088,0.014491873445543408,True,True,0.0,0.0023872356218790367,74.35185074566758,0.9999768073033892,19811,0.716170686563711,1,1.5637125000357628,1.4832774000242352,0.0002911292343879537,1.154406534192879e-07,10528.784744973269,10511.350677558614,-17.434067414655146,17.434067414655146,0.33624558968130025,0.33444603505118864,-0.0017995546301116105,0.0017995546301116105,0.25,0.25369744081570844,0.20259243249893188,0.20383097231388092,0.9939236917682863,
Smooth,0.15066526331755117,5000,Canny Synchronous,0894.png,1356,2040,5000,40088,0.014491873445543408,True,False,0.4969816403911395,0.002406274702604739,74.31735155563445,0.9999954736309791,19969,0.7218824107814217,1,0.16563439997844398,0.059832200000528246,0.0002916112364316417,2.2212800267237655e-07,10528.784744973269,10517.838292968629,-10.946452004640378,10.946452004640378,0.33624558968130025,0.3362643877610041,1.8798079703841175e-05,1.8798079703841175e-05,0.25,0.0,0.5310354232788086,0.20383097231388092,2.605273463843674,BIT_ERRORS
